,Cam,Police,Safety
0,0,0,0
1,0,0,0
2,0,0,0
3,0,0,0
4,0,0,0
5,0,0,0
6,0,0,0
7,0,0,0
8,0,0,0
9,0,0,0
10,0,0,0
11,0,0,0
12,0,0,0
13,0,0,0
14,0,0,0
15,0,0,0
16,0,0,0
17,0,0,0
18,0,0,0
19,0,0,0
20,0,0,0
21,0,0,0
22,0,0,0
23,0,0,0
24,0,0,0
25,0,0,0
26,0,0,0
27,0,0,0
28,0,0,0
29,0,0,0
30,0,0,0
31,0,0,0
32,0,0,0
33,0,0,0
34,0,0,0
35,0,0,0
36,0,0,0
37,0,0,0
38,0,0,0
39,0,0,0
40,0,0,0
41,0,0,0
42,0,0,0
43,0,0,0
44,0,0,0
45,0,0,0
46,0,0,0
47,0,0,0
48,0,0,0
49,0,0,0
50,0,0,0
51,0,0,0
52,0,0,0
53,0,0,0
54,0,0,0
55,0,0,0
56,0,0,0
57,0,0,0
58,0,0,0
59,0,0,0
60,0,0,0
61,0,0,0
62,0,0,0
63,0,0,0
64,0,0,0
65,0,0,0
66,0,0,0
67,0,0,0
68,0,0,0
69,0,0,0
70,0,0,0
71,0,0,0
72,0,0,0
73,0,0,0
74,0,0,0
75,0,0,0
76,0,0,0
77,0,0,0
78,0,0,0
79,0,0,0
80,0,0,0
81,0,0,0
82,0,0,0
83,0,0,0
84,0,0,0
85,0,0,0
86,0,0,0
87,0,0,0
88,0,0,0
89,0,0,0
90,0,0,0
91,0,0,0
92,0,0,0
93,0,0,0
94,0,0,0
95,0,0,0
96,0,0,0
97,0,0,0
98,0,0,0
99,0,0,0
100,0,1,1
101,0,1,1
102,0,1,1
103,0,1,1
104,0,1,1
105,0,1,1
106,0,1,1
107,0,1,1
108,0,1,1
109,0,1,1
110,0,1,1
111,0,1,1
112,0,1,1
113,0,1,1
114,0,1,1
115,0,1,1
116,0,1,1
117,0,1,1
118,0,1,1
119,0,1,1
120,0,1,1
121,0,1,1
122,0,1,1
123,0,1,1
124,0,1,1
125,0,1,1
126,0,1,1
127,0,1,1
128,0,1,1
129,0,1,1
130,0,1,1
131,0,1,1
132,0,1,1
133,0,1,1
134,0,1,1
135,0,1,1
136,0,1,1
137,0,1,1
138,0,1,1
139,0,1,1
140,0,1,1
141,0,1,1
142,0,1,1
143,0,1,1
144,0,1,1
145,0,1,1
146,0,1,1
147,0,1,1
148,0,1,1
149,0,1,1
150,0,2,3
151,0,2,3
152,0,2,3
153,0,2,3
154,0,2,3
155,0,2,3
156,0,2,3
157,0,2,3
158,0,2,3
159,0,2,3
160,0,2,3
161,0,2,3
162,0,2,3
163,0,2,3
164,0,2,3
165,0,2,3
166,0,2,3
167,0,2,3
168,0,2,3
169,0,2,3
170,0,2,3
171,0,2,3
172,0,2,3
173,0,2,3
174,0,2,3
175,0,2,3
176,0,2,3
177,0,2,3
178,0,2,3
179,0,2,3
180,0,2,3
181,0,2,3
182,0,2,3
183,1,0,1
184,1,0,1
185,1,0,1
186,1,0,1
187,1,0,1
188,1,0,1
189,1,0,1
190,1,0,1
191,1,0,1
192,1,0,1
193,1,0,1
194,1,0,1
195,1,0,1
196,1,0,1
197,1,0,1
198,1,0,1
199,1,0,1
200,1,0,1
201,1,0,1
202,1,0,1
203,1,0,1
204,1,0,1
205,1,0,1
206,1,0,1
207,1,0,1
208,1,0,1
209,1,0,1
210,1,0,1
211,1,0,1
212,1,0,1
213,1,0,1
214,1,0,1
215,1,0,1
216,1,0,1
217,1,0,1
218,1,0,1
219,1,0,1
220,1,0,1
221,1,0,1
222,1,0,1
223,1,0,1
224,1,0,1
225,1,0,1
226,1,0,1
227,1,0,1
228,1,0,1
229,1,0,1
230,1,0,1
231,1,0,1
232,1,0,1
233,1,1,2
234,1,1,2
235,1,1,2
236,1,1,2
237,1,1,2
238,1,1,2
239,1,1,2
240,1,1,2
241,1,1,2
242,1,1,2
243,1,1,2
244,1,1,2
245,1,1,2
246,1,1,2
247,1,1,2
248,1,1,2
249,1,1,2
250,1,1,2
251,1,1,2
252,1,1,2
253,1,1,2
254,1,1,2
255,1,1,2
256,1,1,2
257,1,1,2
258,1,1,2
259,1,1,2
260,1,1,2
261,1,1,2
262,1,1,2
263,1,1,2
264,1,1,2
265,1,1,2
266,1,1,2
267,1,1,2
268,1,1,2
269,1,1,2
270,1,1,2
271,1,1,2
272,1,1,2
273,1,1,2
274,1,1,2
275,1,1,2
276,1,1,2
277,1,1,2
278,1,1,2
279,1,1,2
280,1,1,2
281,1,1,2
282,1,1,2
283,1,2,3
284,1,2,3
285,1,2,3
286,1,2,3
287,1,2,3
288,1,2,3
289,1,2,3
290,1,2,3
291,1,2,3
292,1,2,3
293,1,2,3
294,1,2,3
295,1,2,3
296,1,2,3
297,1,2,3
298,1,2,3
299,1,2,3
300,1,2,3
301,1,2,3
302,1,2,3
303,1,2,3
304,1,2,3
305,1,2,3
306,1,2,3
307,1,2,3
308,1,2,3
309,1,2,3
310,1,2,3
311,1,2,3
312,1,2,3
313,1,2,3
314,1,2,3
315,1,2,3
316,2,0,2
317,2,0,2
318,2,0,2
319,2,0,2
320,2,0,2
321,2,0,2
322,2,0,2
323,2,0,2
324,2,0,2
325,2,0,2
326,2,0,2
327,2,0,2
328,2,0,2
329,2,0,2
330,2,0,2
331,2,0,2
332,2,0,2
333,2,0,2
334,2,0,2
335,2,0,2
336,2,0,2
337,2,0,2
338,2,0,2
339,2,0,2
340,2,0,2
341,2,0,2
342,2,0,2
343,2,0,2
344,2,0,2
345,2,0,2
346,2,0,2
347,2,0,2
348,2,0,2
349,2,0,2
350,2,0,2
351,2,0,2
352,2,0,2
353,2,0,2
354,2,0,2
355,2,0,2
356,2,0,2
357,2,0,2
358,2,0,2
359,2,0,2
360,2,0,2
361,2,0,2
362,2,0,2
363,2,0,2
364,2,0,2
365,2,0,2
366,2,1,3
367,2,1,3
368,2,1,3
369,2,1,3
370,2,1,3
371,2,1,3
372,2,1,3
373,2,1,3
374,2,1,3
375,2,1,3
376,2,1,3
377,2,1,3
378,2,1,3
379,2,1,3
380,2,1,3
381,2,1,3
382,2,1,3
383,2,1,3
384,2,1,3
385,2,1,3
386,2,1,3
387,2,1,3
388,2,1,3
389,2,1,3
390,2,1,3
391,2,1,3
392,2,1,3
393,2,1,3
394,2,1,3
395,2,1,3
396,2,1,3
397,2,1,3
398,2,1,3
399,2,2,4
400,2,2,4
401,2,2,4
402,2,2,4
403,2,2,4
404,2,2,4
405,2,2,4
406,2,2,4
407,2,2,4
408,2,2,4
409,2,2,4
410,2,2,4
411,2,2,4
412,2,2,4
413,2,2,4
414,2,2,4
415,2,2,4
416,2,2,4
417,2,2,4
418,2,2,4
419,2,2,4
420,2,2,4
421,2,2,4
422,2,2,4
423,2,2,4
424,2,2,4
425,2,2,4
426,2,2,4
427,2,2,4
428,2,2,4
429,2,2,4
430,2,2,4
431,2,2,4
432,2,2,4
433,2,2,4
434,2,2,4
435,2,2,4
436,2,2,4
437,2,2,4
438,2,2,4
439,2,2,4
440,2,2,4
441,2,2,4
442,2,2,4
443,2,2,4
444,2,2,4
445,2,2,4
446,2,2,4
447,2,2,4
448,2,2,4
449,2,2,4
450,2,2,4
451,2,2,4
452,2,2,4
453,2,2,4
454,2,2,4
455,2,2,4
456,2,2,4
457,2,2,4
458,2,2,4
459,2,2,4
460,2,2,4
461,2,2,4
462,2,2,4
463,2,2,4
464,2,2,4
465,2,2,4
466,2,2,4
467,2,2,4
468,2,2,4
469,2,2,4
470,2,2,4
471,2,2,4
472,2,2,4
473,2,2,4
474,2,2,4
475,2,2,4
476,2,2,4
477,2,2,4
478,2,2,4
479,2,2,4
480,2,2,4
481,2,2,4
482,2,2,4
483,2,2,4
484,2,2,4
485,2,2,4
486,2,2,4
487,2,2,4
488,2,2,4
489,2,2,4
490,2,2,4
491,2,2,4
492,2,2,4
493,2,2,4
494,2,2,4
495,2,2,4
496,2,2,4
497,2,2,4
498,2,2,4
