,Cam,Police,Visibility,Population,Safety
0,0,0,0,0,0
1,0,0,0,0,0
2,0,0,0,0,0
3,0,0,0,0,0
4,0,0,0,0,0
5,0,0,0,0,0
6,0,0,0,0,0
7,0,0,0,0,0
8,0,0,0,0,0
9,0,0,0,0,0
10,0,0,0,0,0
11,0,0,0,0,0
12,0,0,0,0,0
13,0,0,0,0,0
14,0,0,0,0,0
15,0,0,0,0,0
16,0,0,0,0,0
17,0,0,0,0,0
18,0,0,0,0,0
19,0,0,0,0,0
20,0,0,0,0,0
21,0,0,0,0,0
22,0,0,0,0,0
23,0,0,0,0,0
24,0,0,0,0,0
25,0,0,0,0,0
26,0,0,0,0,0
27,0,0,0,0,0
28,0,0,0,0,0
29,0,0,0,0,0
30,0,0,0,0,0
31,0,0,0,0,0
32,0,0,0,0,0
33,0,0,0,0,0
34,0,0,0,0,0
35,0,0,0,0,0
36,0,0,0,0,0
37,0,0,0,0,0
38,0,0,0,0,0
39,0,0,0,0,0
40,0,0,0,0,0
41,0,0,0,0,0
42,0,0,0,0,0
43,0,0,0,0,0
44,0,0,0,0,0
45,0,0,0,0,0
46,0,0,0,0,0
47,0,0,0,0,0
48,0,0,0,0,0
49,0,0,0,0,0
50,0,0,0,0,0
51,0,0,0,0,0
52,0,0,0,0,0
53,0,0,0,0,0
54,0,0,0,0,0
55,0,0,0,0,0
56,0,0,0,0,0
57,0,0,0,0,0
58,0,0,0,0,0
59,0,0,0,1,0
60,0,0,0,1,0
61,0,0,0,1,0
62,0,0,0,1,0
63,0,0,0,1,0
64,0,0,0,1,0
65,0,0,0,1,0
66,0,0,0,1,0
67,0,0,0,1,0
68,0,0,0,1,0
69,0,0,0,1,0
70,0,0,0,1,0
71,0,0,0,1,0
72,0,0,0,1,0
73,0,0,0,1,0
74,0,0,0,1,0
75,0,0,0,1,0
76,0,0,0,1,0
77,0,0,0,1,0
78,0,0,0,1,0
79,0,0,0,1,0
80,0,0,0,1,0
81,0,0,0,1,0
82,0,0,0,1,0
83,0,0,0,1,0
84,0,0,0,1,0
85,0,0,0,1,0
86,0,0,0,1,0
87,0,0,0,1,0
88,0,0,0,1,0
89,0,0,0,1,0
90,0,0,0,1,0
91,0,0,0,1,0
92,0,0,0,1,0
93,0,0,0,1,0
94,0,0,0,1,0
95,0,0,0,1,0
96,0,0,0,1,0
97,0,0,0,1,0
98,0,0,0,1,0
99,0,0,0,1,0
100,0,0,0,1,0
101,0,0,0,1,0
102,0,0,0,1,0
103,0,0,0,1,0
104,0,0,0,1,0
105,0,0,0,1,0
106,0,0,0,1,0
107,0,0,0,1,0
108,0,0,0,1,0
109,0,0,0,1,0
110,0,0,0,1,0
111,0,0,0,1,0
112,0,0,0,1,0
113,0,0,0,1,0
114,0,0,0,1,0
115,0,0,0,1,0
116,0,0,0,1,0
117,0,0,0,1,0
118,0,0,0,2,1
119,0,0,0,2,1
120,0,0,0,2,1
121,0,0,0,2,1
122,0,0,0,2,1
123,0,0,0,2,1
124,0,0,0,2,1
125,0,0,0,2,1
126,0,0,0,2,1
127,0,0,0,2,1
128,0,0,0,2,1
129,0,0,0,2,1
130,0,0,0,2,1
131,0,0,0,2,1
132,0,0,0,2,1
133,0,0,0,2,1
134,0,0,0,2,1
135,0,0,0,2,1
136,0,0,0,2,1
137,0,0,0,2,1
138,0,0,0,2,1
139,0,0,0,2,1
140,0,0,0,2,1
141,0,0,0,2,1
142,0,0,1,0,0
143,0,0,1,0,0
144,0,0,1,0,0
145,0,0,1,0,0
146,0,0,1,0,0
147,0,0,1,0,0
148,0,0,1,0,0
149,0,0,1,0,0
150,0,0,1,0,0
151,0,0,1,0,0
152,0,0,1,0,0
153,0,0,1,0,0
154,0,0,1,0,0
155,0,0,1,0,0
156,0,0,1,0,0
157,0,0,1,0,0
158,0,0,1,0,0
159,0,0,1,0,0
160,0,0,1,0,0
161,0,0,1,0,0
162,0,0,1,0,0
163,0,0,1,0,0
164,0,0,1,0,0
165,0,0,1,0,0
166,0,0,1,0,0
167,0,0,1,0,0
168,0,0,1,0,0
169,0,0,1,0,0
170,0,0,1,0,0
171,0,0,1,0,0
172,0,0,1,0,0
173,0,0,1,0,0
174,0,0,1,0,0
175,0,0,1,0,0
176,0,0,1,0,0
177,0,0,1,0,0
178,0,0,1,0,0
179,0,0,1,0,0
180,0,0,1,0,0
181,0,0,1,0,0
182,0,0,1,0,0
183,0,0,1,0,0
184,0,0,1,0,0
185,0,0,1,0,0
186,0,0,1,0,0
187,0,0,1,0,0
188,0,0,1,0,0
189,0,0,1,0,0
190,0,0,1,0,0
191,0,0,1,0,0
192,0,0,1,0,0
193,0,0,1,0,0
194,0,0,1,0,0
195,0,0,1,0,0
196,0,0,1,0,0
197,0,0,1,0,0
198,0,0,1,0,0
199,0,0,1,0,0
200,0,0,1,0,0
201,0,0,1,1,1
202,0,0,1,1,1
203,0,0,1,1,1
204,0,0,1,1,1
205,0,0,1,1,1
206,0,0,1,1,1
207,0,0,1,1,1
208,0,0,1,1,1
209,0,0,1,1,1
210,0,0,1,1,1
211,0,0,1,1,1
212,0,0,1,1,1
213,0,0,1,1,1
214,0,0,1,1,1
215,0,0,1,1,1
216,0,0,1,1,1
217,0,0,1,1,1
218,0,0,1,1,1
219,0,0,1,1,1
220,0,0,1,1,1
221,0,0,1,1,1
222,0,0,1,1,1
223,0,0,1,1,1
224,0,0,1,1,1
225,0,0,1,2,1
226,0,0,1,2,1
227,0,0,1,2,1
228,0,0,1,2,1
229,0,0,1,2,1
230,0,0,1,2,1
231,0,0,1,2,1
232,0,0,1,2,1
233,0,0,1,2,1
234,0,0,1,2,1
235,0,0,1,2,1
236,0,0,1,2,1
237,0,0,1,2,1
238,0,0,1,2,1
239,0,0,1,2,1
240,0,0,1,2,1
241,0,0,1,2,1
242,0,0,1,2,1
243,0,0,1,2,1
244,0,0,1,2,1
245,0,0,1,2,1
246,0,0,1,2,1
247,0,0,1,2,1
248,0,0,1,2,1
249,0,0,2,0,0
250,0,0,2,0,0
251,0,0,2,0,0
252,0,0,2,0,0
253,0,0,2,0,0
254,0,0,2,0,0
255,0,0,2,0,0
256,0,0,2,0,0
257,0,0,2,0,0
258,0,0,2,0,0
259,0,0,2,0,0
260,0,0,2,0,0
261,0,0,2,0,0
262,0,0,2,0,0
263,0,0,2,0,0
264,0,0,2,0,0
265,0,0,2,0,0
266,0,0,2,0,0
267,0,0,2,0,0
268,0,0,2,0,0
269,0,0,2,0,0
270,0,0,2,0,0
271,0,0,2,0,0
272,0,0,2,0,0
273,0,0,2,0,0
274,0,0,2,0,0
275,0,0,2,0,0
276,0,0,2,0,0
277,0,0,2,0,0
278,0,0,2,0,0
279,0,0,2,0,0
280,0,0,2,0,0
281,0,0,2,0,0
282,0,0,2,0,0
283,0,0,2,0,0
284,0,0,2,0,0
285,0,0,2,0,0
286,0,0,2,0,0
287,0,0,2,0,0
288,0,0,2,0,0
289,0,0,2,0,0
290,0,0,2,0,0
291,0,0,2,0,0
292,0,0,2,0,0
293,0,0,2,0,0
294,0,0,2,0,0
295,0,0,2,0,0
296,0,0,2,0,0
297,0,0,2,0,0
298,0,0,2,0,0
299,0,0,2,0,0
300,0,0,2,0,0
301,0,0,2,0,0
302,0,0,2,0,0
303,0,0,2,0,0
304,0,0,2,0,0
305,0,0,2,0,0
306,0,0,2,0,0
307,0,0,2,0,0
308,0,0,2,1,1
309,0,0,2,1,1
310,0,0,2,1,1
311,0,0,2,1,1
312,0,0,2,1,1
313,0,0,2,1,1
314,0,0,2,1,1
315,0,0,2,1,1
316,0,0,2,1,1
317,0,0,2,1,1
318,0,0,2,1,1
319,0,0,2,1,1
320,0,0,2,1,1
321,0,0,2,1,1
322,0,0,2,1,1
323,0,0,2,1,1
324,0,0,2,1,1
325,0,0,2,1,1
326,0,0,2,1,1
327,0,0,2,1,1
328,0,0,2,1,1
329,0,0,2,1,1
330,0,0,2,1,1
331,0,0,2,1,1
332,0,0,2,2,2
333,0,0,2,2,2
334,0,0,2,2,2
335,0,0,2,2,2
336,0,0,2,2,2
337,0,0,2,2,2
338,0,0,2,2,2
339,0,0,2,2,2
340,0,0,2,2,2
341,0,0,2,2,2
342,0,0,2,2,2
343,0,0,2,2,2
344,0,0,2,2,2
345,0,0,2,2,2
346,0,0,2,2,2
347,0,0,2,2,2
348,0,0,2,2,2
349,0,0,2,2,2
350,0,0,2,2,2
351,0,0,2,2,2
352,0,0,2,2,2
353,0,0,2,2,2
354,0,0,2,2,2
355,0,0,2,2,2
356,0,0,2,2,2
357,0,0,2,2,2
358,0,0,3,0,0
359,0,0,3,0,0
360,0,0,3,0,0
361,0,0,3,0,0
362,0,0,3,0,0
363,0,0,3,0,0
364,0,0,3,0,0
365,0,0,3,0,0
366,0,0,3,0,0
367,0,0,3,0,0
368,0,0,3,0,0
369,0,0,3,0,0
370,0,0,3,0,0
371,0,0,3,0,0
372,0,0,3,0,0
373,0,0,3,0,0
374,0,0,3,0,0
375,0,0,3,0,0
376,0,0,3,0,0
377,0,0,3,0,0
378,0,0,3,0,0
379,0,0,3,0,0
380,0,0,3,0,0
381,0,0,3,0,0
382,0,0,3,0,0
383,0,0,3,0,0
384,0,0,3,0,0
385,0,0,3,0,0
386,0,0,3,0,0
387,0,0,3,0,0
388,0,0,3,0,0
389,0,0,3,0,0
390,0,0,3,0,0
391,0,0,3,0,0
392,0,0,3,0,0
393,0,0,3,0,0
394,0,0,3,0,0
395,0,0,3,0,0
396,0,0,3,0,0
397,0,0,3,0,0
398,0,0,3,0,0
399,0,0,3,0,0
400,0,0,3,0,0
401,0,0,3,0,0
402,0,0,3,0,0
403,0,0,3,0,0
404,0,0,3,0,0
405,0,0,3,0,0
406,0,0,3,0,0
407,0,0,3,0,0
408,0,0,3,0,0
409,0,0,3,0,0
410,0,0,3,0,0
411,0,0,3,0,0
412,0,0,3,0,0
413,0,0,3,0,0
414,0,0,3,0,0
415,0,0,3,0,0
416,0,0,3,0,0
417,0,0,3,1,2
418,0,0,3,1,2
419,0,0,3,1,2
420,0,0,3,1,2
421,0,0,3,1,2
422,0,0,3,1,2
423,0,0,3,1,2
424,0,0,3,1,2
425,0,0,3,1,2
426,0,0,3,1,2
427,0,0,3,1,2
428,0,0,3,1,2
429,0,0,3,1,2
430,0,0,3,1,2
431,0,0,3,1,2
432,0,0,3,1,2
433,0,0,3,1,2
434,0,0,3,1,2
435,0,0,3,1,2
436,0,0,3,1,2
437,0,0,3,1,2
438,0,0,3,1,2
439,0,0,3,1,2
440,0,0,3,1,2
441,0,0,3,1,2
442,0,0,3,1,2
443,0,0,3,2,3
444,0,0,3,2,3
445,0,0,3,2,3
446,0,0,3,2,3
447,0,0,3,2,3
448,0,0,3,2,3
449,0,0,3,2,3
450,0,0,3,2,3
451,0,0,3,2,3
452,0,0,3,2,3
453,0,0,3,2,3
454,0,0,3,2,3
455,0,0,3,2,3
456,0,0,3,2,3
457,0,0,3,2,3
458,0,0,3,2,3
459,0,0,3,2,3
460,0,0,3,2,3
461,0,0,3,2,3
462,0,0,3,2,3
463,0,0,3,2,3
464,0,0,3,2,3
465,0,0,3,2,3
466,0,0,3,2,3
467,0,0,3,2,3
468,0,0,3,2,3
469,0,0,3,2,3
470,0,0,3,2,3
471,0,0,3,2,3
472,0,0,3,2,3
473,0,0,3,2,3
474,0,0,3,2,3
475,0,0,3,2,3
476,0,0,3,2,3
477,0,0,3,2,3
478,0,0,3,2,3
479,0,0,3,2,3
480,0,0,3,2,3
481,0,0,3,2,3
482,0,0,3,2,3
483,0,0,3,2,3
484,0,0,3,2,3
485,0,0,3,2,3
486,0,0,3,2,3
487,0,0,3,2,3
488,0,0,3,2,3
489,0,0,3,2,3
490,0,0,3,2,3
491,0,0,3,2,3
492,0,0,3,2,3
493,0,0,4,0,1
494,0,0,4,0,1
495,0,0,4,0,1
496,0,0,4,0,1
497,0,0,4,0,1
498,0,0,4,0,1
499,0,0,4,0,1
500,0,0,4,0,1
501,0,0,4,0,1
502,0,0,4,0,1
503,0,0,4,0,1
504,0,0,4,0,1
505,0,0,4,0,1
506,0,0,4,0,1
507,0,0,4,0,1
508,0,0,4,0,1
509,0,0,4,0,1
510,0,0,4,0,1
511,0,0,4,0,1
512,0,0,4,0,1
513,0,0,4,0,1
514,0,0,4,0,1
515,0,0,4,0,1
516,0,0,4,0,1
517,0,0,4,1,3
518,0,0,4,1,3
519,0,0,4,1,3
520,0,0,4,1,3
521,0,0,4,1,3
522,0,0,4,1,3
523,0,0,4,1,3
524,0,0,4,1,3
525,0,0,4,1,3
526,0,0,4,1,3
527,0,0,4,1,3
528,0,0,4,1,3
529,0,0,4,1,3
530,0,0,4,1,3
531,0,0,4,1,3
532,0,0,4,1,3
533,0,0,4,1,3
534,0,0,4,1,3
535,0,0,4,1,3
536,0,0,4,1,3
537,0,0,4,1,3
538,0,0,4,1,3
539,0,0,4,1,3
540,0,0,4,1,3
541,0,0,4,1,3
542,0,0,4,1,3
543,0,0,4,1,3
544,0,0,4,1,3
545,0,0,4,1,3
546,0,0,4,1,3
547,0,0,4,1,3
548,0,0,4,1,3
549,0,0,4,1,3
550,0,0,4,1,3
551,0,0,4,1,3
552,0,0,4,1,3
553,0,0,4,1,3
554,0,0,4,1,3
555,0,0,4,1,3
556,0,0,4,1,3
557,0,0,4,1,3
558,0,0,4,1,3
559,0,0,4,1,3
560,0,0,4,1,3
561,0,0,4,1,3
562,0,0,4,1,3
563,0,0,4,1,3
564,0,0,4,1,3
565,0,0,4,1,3
566,0,0,4,1,3
567,0,0,4,2,4
568,0,0,4,2,4
569,0,0,4,2,4
570,0,0,4,2,4
571,0,0,4,2,4
572,0,0,4,2,4
573,0,0,4,2,4
574,0,0,4,2,4
575,0,0,4,2,4
576,0,0,4,2,4
577,0,0,4,2,4
578,0,0,4,2,4
579,0,0,4,2,4
580,0,0,4,2,4
581,0,0,4,2,4
582,0,0,4,2,4
583,0,0,4,2,4
584,0,0,4,2,4
585,0,0,4,2,4
586,0,0,4,2,4
587,0,0,4,2,4
588,0,0,4,2,4
589,0,0,4,2,4
590,0,0,4,2,4
591,0,0,4,2,4
592,0,0,4,2,4
593,0,0,4,2,4
594,0,0,4,2,4
595,0,0,4,2,4
596,0,0,4,2,4
597,0,0,4,2,4
598,0,0,4,2,4
599,0,0,4,2,4
600,0,0,4,2,4
601,0,0,4,2,4
602,0,0,4,2,4
603,0,0,4,2,4
604,0,0,4,2,4
605,0,0,4,2,4
606,0,0,4,2,4
607,0,0,4,2,4
608,0,0,4,2,4
609,0,0,4,2,4
610,0,0,4,2,4
611,0,0,4,2,4
612,0,0,4,2,4
613,0,0,4,2,4
614,0,0,4,2,4
615,0,0,4,2,4
616,0,0,4,2,4
617,0,0,4,2,4
618,0,0,4,2,4
619,0,0,4,2,4
620,0,0,4,2,4
621,0,0,4,2,4
622,0,0,4,2,4
623,0,1,0,0,0
624,0,1,0,0,0
625,0,1,0,0,0
626,0,1,0,0,0
627,0,1,0,0,0
628,0,1,0,0,0
629,0,1,0,0,0
630,0,1,0,0,0
631,0,1,0,0,0
632,0,1,0,0,0
633,0,1,0,0,0
634,0,1,0,0,0
635,0,1,0,0,0
636,0,1,0,0,0
637,0,1,0,0,0
638,0,1,0,0,0
639,0,1,0,0,0
640,0,1,0,0,0
641,0,1,0,0,0
642,0,1,0,0,0
643,0,1,0,0,0
644,0,1,0,0,0
645,0,1,0,0,0
646,0,1,0,0,0
647,0,1,0,0,0
648,0,1,0,0,0
649,0,1,0,0,0
650,0,1,0,0,0
651,0,1,0,0,0
652,0,1,0,0,0
653,0,1,0,0,0
654,0,1,0,0,0
655,0,1,0,0,0
656,0,1,0,0,0
657,0,1,0,0,0
658,0,1,0,0,0
659,0,1,0,0,0
660,0,1,0,0,0
661,0,1,0,0,0
662,0,1,0,0,0
663,0,1,0,0,0
664,0,1,0,0,0
665,0,1,0,0,0
666,0,1,0,0,0
667,0,1,0,0,0
668,0,1,0,0,0
669,0,1,0,0,0
670,0,1,0,0,0
671,0,1,0,0,0
672,0,1,0,0,0
673,0,1,0,0,0
674,0,1,0,0,0
675,0,1,0,0,0
676,0,1,0,0,0
677,0,1,0,0,0
678,0,1,0,0,0
679,0,1,0,0,0
680,0,1,0,0,0
681,0,1,0,0,0
682,0,1,0,1,0
683,0,1,0,1,0
684,0,1,0,1,0
685,0,1,0,1,0
686,0,1,0,1,0
687,0,1,0,1,0
688,0,1,0,1,0
689,0,1,0,1,0
690,0,1,0,1,0
691,0,1,0,1,0
692,0,1,0,1,0
693,0,1,0,1,0
694,0,1,0,1,0
695,0,1,0,1,0
696,0,1,0,1,0
697,0,1,0,1,0
698,0,1,0,1,0
699,0,1,0,1,0
700,0,1,0,1,0
701,0,1,0,1,0
702,0,1,0,1,0
703,0,1,0,1,0
704,0,1,0,1,0
705,0,1,0,1,0
706,0,1,0,1,0
707,0,1,0,1,0
708,0,1,0,1,0
709,0,1,0,1,0
710,0,1,0,1,0
711,0,1,0,1,0
712,0,1,0,1,0
713,0,1,0,1,0
714,0,1,0,1,0
715,0,1,0,1,0
716,0,1,0,1,0
717,0,1,0,1,0
718,0,1,0,1,0
719,0,1,0,1,0
720,0,1,0,1,0
721,0,1,0,1,0
722,0,1,0,1,0
723,0,1,0,1,0
724,0,1,0,1,0
725,0,1,0,1,0
726,0,1,0,1,0
727,0,1,0,1,0
728,0,1,0,1,0
729,0,1,0,1,0
730,0,1,0,1,0
731,0,1,0,1,0
732,0,1,0,1,0
733,0,1,0,1,0
734,0,1,0,1,0
735,0,1,0,1,0
736,0,1,0,1,0
737,0,1,0,1,0
738,0,1,0,1,0
739,0,1,0,1,0
740,0,1,0,1,0
741,0,1,0,2,1
742,0,1,0,2,1
743,0,1,0,2,1
744,0,1,0,2,1
745,0,1,0,2,1
746,0,1,0,2,1
747,0,1,0,2,1
748,0,1,0,2,1
749,0,1,0,2,1
750,0,1,0,2,1
751,0,1,0,2,1
752,0,1,0,2,1
753,0,1,0,2,1
754,0,1,0,2,1
755,0,1,0,2,1
756,0,1,0,2,1
757,0,1,0,2,1
758,0,1,0,2,1
759,0,1,0,2,1
760,0,1,0,2,1
761,0,1,0,2,1
762,0,1,0,2,1
763,0,1,0,2,1
764,0,1,0,2,1
765,0,1,1,0,0
766,0,1,1,0,0
767,0,1,1,0,0
768,0,1,1,0,0
769,0,1,1,0,0
770,0,1,1,0,0
771,0,1,1,0,0
772,0,1,1,0,0
773,0,1,1,0,0
774,0,1,1,0,0
775,0,1,1,0,0
776,0,1,1,0,0
777,0,1,1,0,0
778,0,1,1,0,0
779,0,1,1,0,0
780,0,1,1,0,0
781,0,1,1,0,0
782,0,1,1,0,0
783,0,1,1,0,0
784,0,1,1,0,0
785,0,1,1,0,0
786,0,1,1,0,0
787,0,1,1,0,0
788,0,1,1,0,0
789,0,1,1,0,0
790,0,1,1,0,0
791,0,1,1,0,0
792,0,1,1,0,0
793,0,1,1,0,0
794,0,1,1,0,0
795,0,1,1,0,0
796,0,1,1,0,0
797,0,1,1,0,0
798,0,1,1,0,0
799,0,1,1,0,0
800,0,1,1,0,0
801,0,1,1,0,0
802,0,1,1,0,0
803,0,1,1,0,0
804,0,1,1,0,0
805,0,1,1,0,0
806,0,1,1,0,0
807,0,1,1,0,0
808,0,1,1,0,0
809,0,1,1,0,0
810,0,1,1,0,0
811,0,1,1,0,0
812,0,1,1,0,0
813,0,1,1,0,0
814,0,1,1,0,0
815,0,1,1,0,0
816,0,1,1,0,0
817,0,1,1,0,0
818,0,1,1,0,0
819,0,1,1,0,0
820,0,1,1,0,0
821,0,1,1,0,0
822,0,1,1,0,0
823,0,1,1,0,0
824,0,1,1,1,1
825,0,1,1,1,1
826,0,1,1,1,1
827,0,1,1,1,1
828,0,1,1,1,1
829,0,1,1,1,1
830,0,1,1,1,1
831,0,1,1,1,1
832,0,1,1,1,1
833,0,1,1,1,1
834,0,1,1,1,1
835,0,1,1,1,1
836,0,1,1,1,1
837,0,1,1,1,1
838,0,1,1,1,1
839,0,1,1,1,1
840,0,1,1,1,1
841,0,1,1,1,1
842,0,1,1,1,1
843,0,1,1,1,1
844,0,1,1,1,1
845,0,1,1,1,1
846,0,1,1,1,1
847,0,1,1,1,1
848,0,1,1,2,2
849,0,1,1,2,2
850,0,1,1,2,2
851,0,1,1,2,2
852,0,1,1,2,2
853,0,1,1,2,2
854,0,1,1,2,2
855,0,1,1,2,2
856,0,1,1,2,2
857,0,1,1,2,2
858,0,1,1,2,2
859,0,1,1,2,2
860,0,1,1,2,2
861,0,1,1,2,2
862,0,1,1,2,2
863,0,1,1,2,2
864,0,1,1,2,2
865,0,1,1,2,2
866,0,1,1,2,2
867,0,1,1,2,2
868,0,1,1,2,2
869,0,1,1,2,2
870,0,1,1,2,2
871,0,1,1,2,2
872,0,1,1,2,2
873,0,1,1,2,2
874,0,1,2,0,1
875,0,1,2,0,1
876,0,1,2,0,1
877,0,1,2,0,1
878,0,1,2,0,1
879,0,1,2,0,1
880,0,1,2,0,1
881,0,1,2,0,1
882,0,1,2,0,1
883,0,1,2,0,1
884,0,1,2,0,1
885,0,1,2,0,1
886,0,1,2,0,1
887,0,1,2,0,1
888,0,1,2,0,1
889,0,1,2,0,1
890,0,1,2,0,1
891,0,1,2,0,1
892,0,1,2,0,1
893,0,1,2,0,1
894,0,1,2,0,1
895,0,1,2,0,1
896,0,1,2,0,1
897,0,1,2,0,1
898,0,1,2,1,1
899,0,1,2,1,1
900,0,1,2,1,1
901,0,1,2,1,1
902,0,1,2,1,1
903,0,1,2,1,1
904,0,1,2,1,1
905,0,1,2,1,1
906,0,1,2,1,1
907,0,1,2,1,1
908,0,1,2,1,1
909,0,1,2,1,1
910,0,1,2,1,1
911,0,1,2,1,1
912,0,1,2,1,1
913,0,1,2,1,1
914,0,1,2,1,1
915,0,1,2,1,1
916,0,1,2,1,1
917,0,1,2,1,1
918,0,1,2,1,1
919,0,1,2,1,1
920,0,1,2,1,1
921,0,1,2,1,1
922,0,1,2,2,2
923,0,1,2,2,2
924,0,1,2,2,2
925,0,1,2,2,2
926,0,1,2,2,2
927,0,1,2,2,2
928,0,1,2,2,2
929,0,1,2,2,2
930,0,1,2,2,2
931,0,1,2,2,2
932,0,1,2,2,2
933,0,1,2,2,2
934,0,1,2,2,2
935,0,1,2,2,2
936,0,1,2,2,2
937,0,1,2,2,2
938,0,1,2,2,2
939,0,1,2,2,2
940,0,1,2,2,2
941,0,1,2,2,2
942,0,1,2,2,2
943,0,1,2,2,2
944,0,1,2,2,2
945,0,1,2,2,2
946,0,1,2,2,2
947,0,1,2,2,2
948,0,1,3,0,1
949,0,1,3,0,1
950,0,1,3,0,1
951,0,1,3,0,1
952,0,1,3,0,1
953,0,1,3,0,1
954,0,1,3,0,1
955,0,1,3,0,1
956,0,1,3,0,1
957,0,1,3,0,1
958,0,1,3,0,1
959,0,1,3,0,1
960,0,1,3,0,1
961,0,1,3,0,1
962,0,1,3,0,1
963,0,1,3,0,1
964,0,1,3,0,1
965,0,1,3,0,1
966,0,1,3,0,1
967,0,1,3,0,1
968,0,1,3,0,1
969,0,1,3,0,1
970,0,1,3,0,1
971,0,1,3,0,1
972,0,1,3,1,2
973,0,1,3,1,2
974,0,1,3,1,2
975,0,1,3,1,2
976,0,1,3,1,2
977,0,1,3,1,2
978,0,1,3,1,2
979,0,1,3,1,2
980,0,1,3,1,2
981,0,1,3,1,2
982,0,1,3,1,2
983,0,1,3,1,2
984,0,1,3,1,2
985,0,1,3,1,2
986,0,1,3,1,2
987,0,1,3,1,2
988,0,1,3,1,2
989,0,1,3,1,2
990,0,1,3,1,2
991,0,1,3,1,2
992,0,1,3,1,2
993,0,1,3,1,2
994,0,1,3,1,2
995,0,1,3,1,2
996,0,1,3,1,2
997,0,1,3,1,2
998,0,1,3,2,3
999,0,1,3,2,3
1000,0,1,3,2,3
1001,0,1,3,2,3
1002,0,1,3,2,3
1003,0,1,3,2,3
1004,0,1,3,2,3
1005,0,1,3,2,3
1006,0,1,3,2,3
1007,0,1,3,2,3
1008,0,1,3,2,3
1009,0,1,3,2,3
1010,0,1,3,2,3
1011,0,1,3,2,3
1012,0,1,3,2,3
1013,0,1,3,2,3
1014,0,1,3,2,3
1015,0,1,3,2,3
1016,0,1,3,2,3
1017,0,1,3,2,3
1018,0,1,3,2,3
1019,0,1,3,2,3
1020,0,1,3,2,3
1021,0,1,3,2,3
1022,0,1,3,2,3
1023,0,1,3,2,3
1024,0,1,3,2,3
1025,0,1,3,2,3
1026,0,1,3,2,3
1027,0,1,3,2,3
1028,0,1,3,2,3
1029,0,1,3,2,3
1030,0,1,3,2,3
1031,0,1,3,2,3
1032,0,1,3,2,3
1033,0,1,3,2,3
1034,0,1,3,2,3
1035,0,1,3,2,3
1036,0,1,3,2,3
1037,0,1,3,2,3
1038,0,1,3,2,3
1039,0,1,3,2,3
1040,0,1,3,2,3
1041,0,1,3,2,3
1042,0,1,3,2,3
1043,0,1,3,2,3
1044,0,1,3,2,3
1045,0,1,3,2,3
1046,0,1,3,2,3
1047,0,1,3,2,3
1048,0,1,4,0,2
1049,0,1,4,0,2
1050,0,1,4,0,2
1051,0,1,4,0,2
1052,0,1,4,0,2
1053,0,1,4,0,2
1054,0,1,4,0,2
1055,0,1,4,0,2
1056,0,1,4,0,2
1057,0,1,4,0,2
1058,0,1,4,0,2
1059,0,1,4,0,2
1060,0,1,4,0,2
1061,0,1,4,0,2
1062,0,1,4,0,2
1063,0,1,4,0,2
1064,0,1,4,0,2
1065,0,1,4,0,2
1066,0,1,4,0,2
1067,0,1,4,0,2
1068,0,1,4,0,2
1069,0,1,4,0,2
1070,0,1,4,0,2
1071,0,1,4,0,2
1072,0,1,4,0,2
1073,0,1,4,0,2
1074,0,1,4,1,3
1075,0,1,4,1,3
1076,0,1,4,1,3
1077,0,1,4,1,3
1078,0,1,4,1,3
1079,0,1,4,1,3
1080,0,1,4,1,3
1081,0,1,4,1,3
1082,0,1,4,1,3
1083,0,1,4,1,3
1084,0,1,4,1,3
1085,0,1,4,1,3
1086,0,1,4,1,3
1087,0,1,4,1,3
1088,0,1,4,1,3
1089,0,1,4,1,3
1090,0,1,4,1,3
1091,0,1,4,1,3
1092,0,1,4,1,3
1093,0,1,4,1,3
1094,0,1,4,1,3
1095,0,1,4,1,3
1096,0,1,4,1,3
1097,0,1,4,1,3
1098,0,1,4,1,3
1099,0,1,4,1,3
1100,0,1,4,1,3
1101,0,1,4,1,3
1102,0,1,4,1,3
1103,0,1,4,1,3
1104,0,1,4,1,3
1105,0,1,4,1,3
1106,0,1,4,1,3
1107,0,1,4,1,3
1108,0,1,4,1,3
1109,0,1,4,1,3
1110,0,1,4,1,3
1111,0,1,4,1,3
1112,0,1,4,1,3
1113,0,1,4,1,3
1114,0,1,4,1,3
1115,0,1,4,1,3
1116,0,1,4,1,3
1117,0,1,4,1,3
1118,0,1,4,1,3
1119,0,1,4,1,3
1120,0,1,4,1,3
1121,0,1,4,1,3
1122,0,1,4,1,3
1123,0,1,4,1,3
1124,0,1,4,2,4
1125,0,1,4,2,4
1126,0,1,4,2,4
1127,0,1,4,2,4
1128,0,1,4,2,4
1129,0,1,4,2,4
1130,0,1,4,2,4
1131,0,1,4,2,4
1132,0,1,4,2,4
1133,0,1,4,2,4
1134,0,1,4,2,4
1135,0,1,4,2,4
1136,0,1,4,2,4
1137,0,1,4,2,4
1138,0,1,4,2,4
1139,0,1,4,2,4
1140,0,1,4,2,4
1141,0,1,4,2,4
1142,0,1,4,2,4
1143,0,1,4,2,4
1144,0,1,4,2,4
1145,0,1,4,2,4
1146,0,1,4,2,4
1147,0,1,4,2,4
1148,0,1,4,2,4
1149,0,1,4,2,4
1150,0,1,4,2,4
1151,0,1,4,2,4
1152,0,1,4,2,4
1153,0,1,4,2,4
1154,0,1,4,2,4
1155,0,1,4,2,4
1156,0,1,4,2,4
1157,0,1,4,2,4
1158,0,1,4,2,4
1159,0,1,4,2,4
1160,0,1,4,2,4
1161,0,1,4,2,4
1162,0,1,4,2,4
1163,0,1,4,2,4
1164,0,1,4,2,4
1165,0,1,4,2,4
1166,0,1,4,2,4
1167,0,1,4,2,4
1168,0,1,4,2,4
1169,0,1,4,2,4
1170,0,1,4,2,4
1171,0,1,4,2,4
1172,0,1,4,2,4
1173,0,1,4,2,4
1174,0,1,4,2,4
1175,0,1,4,2,4
1176,0,1,4,2,4
1177,0,1,4,2,4
1178,0,1,4,2,4
1179,0,1,4,2,4
1180,0,2,0,0,0
1181,0,2,0,0,0
1182,0,2,0,0,0
1183,0,2,0,0,0
1184,0,2,0,0,0
1185,0,2,0,0,0
1186,0,2,0,0,0
1187,0,2,0,0,0
1188,0,2,0,0,0
1189,0,2,0,0,0
1190,0,2,0,0,0
1191,0,2,0,0,0
1192,0,2,0,0,0
1193,0,2,0,0,0
1194,0,2,0,0,0
1195,0,2,0,0,0
1196,0,2,0,0,0
1197,0,2,0,0,0
1198,0,2,0,0,0
1199,0,2,0,0,0
1200,0,2,0,0,0
1201,0,2,0,0,0
1202,0,2,0,0,0
1203,0,2,0,0,0
1204,0,2,0,0,0
1205,0,2,0,0,0
1206,0,2,0,0,0
1207,0,2,0,0,0
1208,0,2,0,0,0
1209,0,2,0,0,0
1210,0,2,0,0,0
1211,0,2,0,0,0
1212,0,2,0,0,0
1213,0,2,0,0,0
1214,0,2,0,0,0
1215,0,2,0,0,0
1216,0,2,0,0,0
1217,0,2,0,0,0
1218,0,2,0,0,0
1219,0,2,0,0,0
1220,0,2,0,0,0
1221,0,2,0,0,0
1222,0,2,0,0,0
1223,0,2,0,0,0
1224,0,2,0,0,0
1225,0,2,0,0,0
1226,0,2,0,0,0
1227,0,2,0,0,0
1228,0,2,0,0,0
1229,0,2,0,0,0
1230,0,2,0,0,0
1231,0,2,0,0,0
1232,0,2,0,0,0
1233,0,2,0,0,0
1234,0,2,0,0,0
1235,0,2,0,0,0
1236,0,2,0,0,0
1237,0,2,0,0,0
1238,0,2,0,0,0
1239,0,2,0,1,1
1240,0,2,0,1,1
1241,0,2,0,1,1
1242,0,2,0,1,1
1243,0,2,0,1,1
1244,0,2,0,1,1
1245,0,2,0,1,1
1246,0,2,0,1,1
1247,0,2,0,1,1
1248,0,2,0,1,1
1249,0,2,0,1,1
1250,0,2,0,1,1
1251,0,2,0,1,1
1252,0,2,0,1,1
1253,0,2,0,1,1
1254,0,2,0,1,1
1255,0,2,0,1,1
1256,0,2,0,1,1
1257,0,2,0,1,1
1258,0,2,0,1,1
1259,0,2,0,1,1
1260,0,2,0,1,1
1261,0,2,0,1,1
1262,0,2,0,1,1
1263,0,2,0,2,1
1264,0,2,0,2,1
1265,0,2,0,2,1
1266,0,2,0,2,1
1267,0,2,0,2,1
1268,0,2,0,2,1
1269,0,2,0,2,1
1270,0,2,0,2,1
1271,0,2,0,2,1
1272,0,2,0,2,1
1273,0,2,0,2,1
1274,0,2,0,2,1
1275,0,2,0,2,1
1276,0,2,0,2,1
1277,0,2,0,2,1
1278,0,2,0,2,1
1279,0,2,0,2,1
1280,0,2,0,2,1
1281,0,2,0,2,1
1282,0,2,0,2,1
1283,0,2,0,2,1
1284,0,2,0,2,1
1285,0,2,0,2,1
1286,0,2,0,2,1
1287,0,2,1,0,0
1288,0,2,1,0,0
1289,0,2,1,0,0
1290,0,2,1,0,0
1291,0,2,1,0,0
1292,0,2,1,0,0
1293,0,2,1,0,0
1294,0,2,1,0,0
1295,0,2,1,0,0
1296,0,2,1,0,0
1297,0,2,1,0,0
1298,0,2,1,0,0
1299,0,2,1,0,0
1300,0,2,1,0,0
1301,0,2,1,0,0
1302,0,2,1,0,0
1303,0,2,1,0,0
1304,0,2,1,0,0
1305,0,2,1,0,0
1306,0,2,1,0,0
1307,0,2,1,0,0
1308,0,2,1,0,0
1309,0,2,1,0,0
1310,0,2,1,0,0
1311,0,2,1,0,0
1312,0,2,1,0,0
1313,0,2,1,0,0
1314,0,2,1,0,0
1315,0,2,1,0,0
1316,0,2,1,0,0
1317,0,2,1,0,0
1318,0,2,1,0,0
1319,0,2,1,0,0
1320,0,2,1,0,0
1321,0,2,1,0,0
1322,0,2,1,0,0
1323,0,2,1,0,0
1324,0,2,1,0,0
1325,0,2,1,0,0
1326,0,2,1,0,0
1327,0,2,1,0,0
1328,0,2,1,0,0
1329,0,2,1,0,0
1330,0,2,1,0,0
1331,0,2,1,0,0
1332,0,2,1,0,0
1333,0,2,1,0,0
1334,0,2,1,0,0
1335,0,2,1,0,0
1336,0,2,1,0,0
1337,0,2,1,0,0
1338,0,2,1,0,0
1339,0,2,1,0,0
1340,0,2,1,0,0
1341,0,2,1,0,0
1342,0,2,1,0,0
1343,0,2,1,0,0
1344,0,2,1,0,0
1345,0,2,1,0,0
1346,0,2,1,1,1
1347,0,2,1,1,1
1348,0,2,1,1,1
1349,0,2,1,1,1
1350,0,2,1,1,1
1351,0,2,1,1,1
1352,0,2,1,1,1
1353,0,2,1,1,1
1354,0,2,1,1,1
1355,0,2,1,1,1
1356,0,2,1,1,1
1357,0,2,1,1,1
1358,0,2,1,1,1
1359,0,2,1,1,1
1360,0,2,1,1,1
1361,0,2,1,1,1
1362,0,2,1,1,1
1363,0,2,1,1,1
1364,0,2,1,1,1
1365,0,2,1,1,1
1366,0,2,1,1,1
1367,0,2,1,1,1
1368,0,2,1,1,1
1369,0,2,1,1,1
1370,0,2,1,2,2
1371,0,2,1,2,2
1372,0,2,1,2,2
1373,0,2,1,2,2
1374,0,2,1,2,2
1375,0,2,1,2,2
1376,0,2,1,2,2
1377,0,2,1,2,2
1378,0,2,1,2,2
1379,0,2,1,2,2
1380,0,2,1,2,2
1381,0,2,1,2,2
1382,0,2,1,2,2
1383,0,2,1,2,2
1384,0,2,1,2,2
1385,0,2,1,2,2
1386,0,2,1,2,2
1387,0,2,1,2,2
1388,0,2,1,2,2
1389,0,2,1,2,2
1390,0,2,1,2,2
1391,0,2,1,2,2
1392,0,2,1,2,2
1393,0,2,1,2,2
1394,0,2,1,2,2
1395,0,2,1,2,2
1396,0,2,2,0,1
1397,0,2,2,0,1
1398,0,2,2,0,1
1399,0,2,2,0,1
1400,0,2,2,0,1
1401,0,2,2,0,1
1402,0,2,2,0,1
1403,0,2,2,0,1
1404,0,2,2,0,1
1405,0,2,2,0,1
1406,0,2,2,0,1
1407,0,2,2,0,1
1408,0,2,2,0,1
1409,0,2,2,0,1
1410,0,2,2,0,1
1411,0,2,2,0,1
1412,0,2,2,0,1
1413,0,2,2,0,1
1414,0,2,2,0,1
1415,0,2,2,0,1
1416,0,2,2,0,1
1417,0,2,2,0,1
1418,0,2,2,0,1
1419,0,2,2,0,1
1420,0,2,2,1,2
1421,0,2,2,1,2
1422,0,2,2,1,2
1423,0,2,2,1,2
1424,0,2,2,1,2
1425,0,2,2,1,2
1426,0,2,2,1,2
1427,0,2,2,1,2
1428,0,2,2,1,2
1429,0,2,2,1,2
1430,0,2,2,1,2
1431,0,2,2,1,2
1432,0,2,2,1,2
1433,0,2,2,1,2
1434,0,2,2,1,2
1435,0,2,2,1,2
1436,0,2,2,1,2
1437,0,2,2,1,2
1438,0,2,2,1,2
1439,0,2,2,1,2
1440,0,2,2,1,2
1441,0,2,2,1,2
1442,0,2,2,1,2
1443,0,2,2,1,2
1444,0,2,2,1,2
1445,0,2,2,1,2
1446,0,2,2,2,2
1447,0,2,2,2,2
1448,0,2,2,2,2
1449,0,2,2,2,2
1450,0,2,2,2,2
1451,0,2,2,2,2
1452,0,2,2,2,2
1453,0,2,2,2,2
1454,0,2,2,2,2
1455,0,2,2,2,2
1456,0,2,2,2,2
1457,0,2,2,2,2
1458,0,2,2,2,2
1459,0,2,2,2,2
1460,0,2,2,2,2
1461,0,2,2,2,2
1462,0,2,2,2,2
1463,0,2,2,2,2
1464,0,2,2,2,2
1465,0,2,2,2,2
1466,0,2,2,2,2
1467,0,2,2,2,2
1468,0,2,2,2,2
1469,0,2,2,2,2
1470,0,2,2,2,2
1471,0,2,2,2,2
1472,0,2,3,0,1
1473,0,2,3,0,1
1474,0,2,3,0,1
1475,0,2,3,0,1
1476,0,2,3,0,1
1477,0,2,3,0,1
1478,0,2,3,0,1
1479,0,2,3,0,1
1480,0,2,3,0,1
1481,0,2,3,0,1
1482,0,2,3,0,1
1483,0,2,3,0,1
1484,0,2,3,0,1
1485,0,2,3,0,1
1486,0,2,3,0,1
1487,0,2,3,0,1
1488,0,2,3,0,1
1489,0,2,3,0,1
1490,0,2,3,0,1
1491,0,2,3,0,1
1492,0,2,3,0,1
1493,0,2,3,0,1
1494,0,2,3,0,1
1495,0,2,3,0,1
1496,0,2,3,1,2
1497,0,2,3,1,2
1498,0,2,3,1,2
1499,0,2,3,1,2
1500,0,2,3,1,2
1501,0,2,3,1,2
1502,0,2,3,1,2
1503,0,2,3,1,2
1504,0,2,3,1,2
1505,0,2,3,1,2
1506,0,2,3,1,2
1507,0,2,3,1,2
1508,0,2,3,1,2
1509,0,2,3,1,2
1510,0,2,3,1,2
1511,0,2,3,1,2
1512,0,2,3,1,2
1513,0,2,3,1,2
1514,0,2,3,1,2
1515,0,2,3,1,2
1516,0,2,3,1,2
1517,0,2,3,1,2
1518,0,2,3,1,2
1519,0,2,3,1,2
1520,0,2,3,1,2
1521,0,2,3,1,2
1522,0,2,3,2,3
1523,0,2,3,2,3
1524,0,2,3,2,3
1525,0,2,3,2,3
1526,0,2,3,2,3
1527,0,2,3,2,3
1528,0,2,3,2,3
1529,0,2,3,2,3
1530,0,2,3,2,3
1531,0,2,3,2,3
1532,0,2,3,2,3
1533,0,2,3,2,3
1534,0,2,3,2,3
1535,0,2,3,2,3
1536,0,2,3,2,3
1537,0,2,3,2,3
1538,0,2,3,2,3
1539,0,2,3,2,3
1540,0,2,3,2,3
1541,0,2,3,2,3
1542,0,2,3,2,3
1543,0,2,3,2,3
1544,0,2,3,2,3
1545,0,2,3,2,3
1546,0,2,3,2,3
1547,0,2,3,2,3
1548,0,2,3,2,3
1549,0,2,3,2,3
1550,0,2,3,2,3
1551,0,2,3,2,3
1552,0,2,3,2,3
1553,0,2,3,2,3
1554,0,2,3,2,3
1555,0,2,3,2,3
1556,0,2,3,2,3
1557,0,2,3,2,3
1558,0,2,3,2,3
1559,0,2,3,2,3
1560,0,2,3,2,3
1561,0,2,3,2,3
1562,0,2,3,2,3
1563,0,2,3,2,3
1564,0,2,3,2,3
1565,0,2,3,2,3
1566,0,2,3,2,3
1567,0,2,3,2,3
1568,0,2,3,2,3
1569,0,2,3,2,3
1570,0,2,3,2,3
1571,0,2,3,2,3
1572,0,2,4,0,2
1573,0,2,4,0,2
1574,0,2,4,0,2
1575,0,2,4,0,2
1576,0,2,4,0,2
1577,0,2,4,0,2
1578,0,2,4,0,2
1579,0,2,4,0,2
1580,0,2,4,0,2
1581,0,2,4,0,2
1582,0,2,4,0,2
1583,0,2,4,0,2
1584,0,2,4,0,2
1585,0,2,4,0,2
1586,0,2,4,0,2
1587,0,2,4,0,2
1588,0,2,4,0,2
1589,0,2,4,0,2
1590,0,2,4,0,2
1591,0,2,4,0,2
1592,0,2,4,0,2
1593,0,2,4,0,2
1594,0,2,4,0,2
1595,0,2,4,0,2
1596,0,2,4,0,2
1597,0,2,4,0,2
1598,0,2,4,1,3
1599,0,2,4,1,3
1600,0,2,4,1,3
1601,0,2,4,1,3
1602,0,2,4,1,3
1603,0,2,4,1,3
1604,0,2,4,1,3
1605,0,2,4,1,3
1606,0,2,4,1,3
1607,0,2,4,1,3
1608,0,2,4,1,3
1609,0,2,4,1,3
1610,0,2,4,1,3
1611,0,2,4,1,3
1612,0,2,4,1,3
1613,0,2,4,1,3
1614,0,2,4,1,3
1615,0,2,4,1,3
1616,0,2,4,1,3
1617,0,2,4,1,3
1618,0,2,4,1,3
1619,0,2,4,1,3
1620,0,2,4,1,3
1621,0,2,4,1,3
1622,0,2,4,1,3
1623,0,2,4,1,3
1624,0,2,4,1,3
1625,0,2,4,1,3
1626,0,2,4,1,3
1627,0,2,4,1,3
1628,0,2,4,1,3
1629,0,2,4,1,3
1630,0,2,4,1,3
1631,0,2,4,1,3
1632,0,2,4,1,3
1633,0,2,4,1,3
1634,0,2,4,1,3
1635,0,2,4,1,3
1636,0,2,4,1,3
1637,0,2,4,1,3
1638,0,2,4,1,3
1639,0,2,4,1,3
1640,0,2,4,1,3
1641,0,2,4,1,3
1642,0,2,4,1,3
1643,0,2,4,1,3
1644,0,2,4,1,3
1645,0,2,4,1,3
1646,0,2,4,1,3
1647,0,2,4,1,3
1648,0,2,4,2,4
1649,0,2,4,2,4
1650,0,2,4,2,4
1651,0,2,4,2,4
1652,0,2,4,2,4
1653,0,2,4,2,4
1654,0,2,4,2,4
1655,0,2,4,2,4
1656,0,2,4,2,4
1657,0,2,4,2,4
1658,0,2,4,2,4
1659,0,2,4,2,4
1660,0,2,4,2,4
1661,0,2,4,2,4
1662,0,2,4,2,4
1663,0,2,4,2,4
1664,0,2,4,2,4
1665,0,2,4,2,4
1666,0,2,4,2,4
1667,0,2,4,2,4
1668,0,2,4,2,4
1669,0,2,4,2,4
1670,0,2,4,2,4
1671,0,2,4,2,4
1672,0,2,4,2,4
1673,0,2,4,2,4
1674,0,2,4,2,4
1675,0,2,4,2,4
1676,0,2,4,2,4
1677,0,2,4,2,4
1678,0,2,4,2,4
1679,0,2,4,2,4
1680,0,2,4,2,4
1681,0,2,4,2,4
1682,0,2,4,2,4
1683,0,2,4,2,4
1684,0,2,4,2,4
1685,0,2,4,2,4
1686,0,2,4,2,4
1687,0,2,4,2,4
1688,0,2,4,2,4
1689,0,2,4,2,4
1690,0,2,4,2,4
1691,0,2,4,2,4
1692,0,2,4,2,4
1693,0,2,4,2,4
1694,0,2,4,2,4
1695,0,2,4,2,4
1696,0,2,4,2,4
1697,0,2,4,2,4
1698,0,2,4,2,4
1699,0,2,4,2,4
1700,0,2,4,2,4
1701,0,2,4,2,4
1702,0,2,4,2,4
1703,0,2,4,2,4
1704,1,0,0,0,0
1705,1,0,0,0,0
1706,1,0,0,0,0
1707,1,0,0,0,0
1708,1,0,0,0,0
1709,1,0,0,0,0
1710,1,0,0,0,0
1711,1,0,0,0,0
1712,1,0,0,0,0
1713,1,0,0,0,0
1714,1,0,0,0,0
1715,1,0,0,0,0
1716,1,0,0,0,0
1717,1,0,0,0,0
1718,1,0,0,0,0
1719,1,0,0,0,0
1720,1,0,0,0,0
1721,1,0,0,0,0
1722,1,0,0,0,0
1723,1,0,0,0,0
1724,1,0,0,0,0
1725,1,0,0,0,0
1726,1,0,0,0,0
1727,1,0,0,0,0
1728,1,0,0,0,0
1729,1,0,0,0,0
1730,1,0,0,0,0
1731,1,0,0,0,0
1732,1,0,0,0,0
1733,1,0,0,0,0
1734,1,0,0,0,0
1735,1,0,0,0,0
1736,1,0,0,0,0
1737,1,0,0,0,0
1738,1,0,0,0,0
1739,1,0,0,0,0
1740,1,0,0,0,0
1741,1,0,0,0,0
1742,1,0,0,0,0
1743,1,0,0,0,0
1744,1,0,0,0,0
1745,1,0,0,0,0
1746,1,0,0,0,0
1747,1,0,0,0,0
1748,1,0,0,0,0
1749,1,0,0,0,0
1750,1,0,0,0,0
1751,1,0,0,0,0
1752,1,0,0,0,0
1753,1,0,0,0,0
1754,1,0,0,0,0
1755,1,0,0,0,0
1756,1,0,0,0,0
1757,1,0,0,0,0
1758,1,0,0,0,0
1759,1,0,0,0,0
1760,1,0,0,0,0
1761,1,0,0,0,0
1762,1,0,0,0,0
1763,1,0,0,1,0
1764,1,0,0,1,0
1765,1,0,0,1,0
1766,1,0,0,1,0
1767,1,0,0,1,0
1768,1,0,0,1,0
1769,1,0,0,1,0
1770,1,0,0,1,0
1771,1,0,0,1,0
1772,1,0,0,1,0
1773,1,0,0,1,0
1774,1,0,0,1,0
1775,1,0,0,1,0
1776,1,0,0,1,0
1777,1,0,0,1,0
1778,1,0,0,1,0
1779,1,0,0,1,0
1780,1,0,0,1,0
1781,1,0,0,1,0
1782,1,0,0,1,0
1783,1,0,0,1,0
1784,1,0,0,1,0
1785,1,0,0,1,0
1786,1,0,0,1,0
1787,1,0,0,1,0
1788,1,0,0,1,0
1789,1,0,0,1,0
1790,1,0,0,1,0
1791,1,0,0,1,0
1792,1,0,0,1,0
1793,1,0,0,1,0
1794,1,0,0,1,0
1795,1,0,0,1,0
1796,1,0,0,1,0
1797,1,0,0,1,0
1798,1,0,0,1,0
1799,1,0,0,1,0
1800,1,0,0,1,0
1801,1,0,0,1,0
1802,1,0,0,1,0
1803,1,0,0,1,0
1804,1,0,0,1,0
1805,1,0,0,1,0
1806,1,0,0,1,0
1807,1,0,0,1,0
1808,1,0,0,1,0
1809,1,0,0,1,0
1810,1,0,0,1,0
1811,1,0,0,1,0
1812,1,0,0,1,0
1813,1,0,0,1,0
1814,1,0,0,1,0
1815,1,0,0,1,0
1816,1,0,0,1,0
1817,1,0,0,1,0
1818,1,0,0,1,0
1819,1,0,0,1,0
1820,1,0,0,1,0
1821,1,0,0,1,0
1822,1,0,0,2,1
1823,1,0,0,2,1
1824,1,0,0,2,1
1825,1,0,0,2,1
1826,1,0,0,2,1
1827,1,0,0,2,1
1828,1,0,0,2,1
1829,1,0,0,2,1
1830,1,0,0,2,1
1831,1,0,0,2,1
1832,1,0,0,2,1
1833,1,0,0,2,1
1834,1,0,0,2,1
1835,1,0,0,2,1
1836,1,0,0,2,1
1837,1,0,0,2,1
1838,1,0,0,2,1
1839,1,0,0,2,1
1840,1,0,0,2,1
1841,1,0,0,2,1
1842,1,0,0,2,1
1843,1,0,0,2,1
1844,1,0,0,2,1
1845,1,0,0,2,1
1846,1,0,1,0,0
1847,1,0,1,0,0
1848,1,0,1,0,0
1849,1,0,1,0,0
1850,1,0,1,0,0
1851,1,0,1,0,0
1852,1,0,1,0,0
1853,1,0,1,0,0
1854,1,0,1,0,0
1855,1,0,1,0,0
1856,1,0,1,0,0
1857,1,0,1,0,0
1858,1,0,1,0,0
1859,1,0,1,0,0
1860,1,0,1,0,0
1861,1,0,1,0,0
1862,1,0,1,0,0
1863,1,0,1,0,0
1864,1,0,1,0,0
1865,1,0,1,0,0
1866,1,0,1,0,0
1867,1,0,1,0,0
1868,1,0,1,0,0
1869,1,0,1,0,0
1870,1,0,1,0,0
1871,1,0,1,0,0
1872,1,0,1,0,0
1873,1,0,1,0,0
1874,1,0,1,0,0
1875,1,0,1,0,0
1876,1,0,1,0,0
1877,1,0,1,0,0
1878,1,0,1,0,0
1879,1,0,1,0,0
1880,1,0,1,0,0
1881,1,0,1,0,0
1882,1,0,1,0,0
1883,1,0,1,0,0
1884,1,0,1,0,0
1885,1,0,1,0,0
1886,1,0,1,0,0
1887,1,0,1,0,0
1888,1,0,1,0,0
1889,1,0,1,0,0
1890,1,0,1,0,0
1891,1,0,1,0,0
1892,1,0,1,0,0
1893,1,0,1,0,0
1894,1,0,1,0,0
1895,1,0,1,0,0
1896,1,0,1,0,0
1897,1,0,1,0,0
1898,1,0,1,0,0
1899,1,0,1,0,0
1900,1,0,1,0,0
1901,1,0,1,0,0
1902,1,0,1,0,0
1903,1,0,1,0,0
1904,1,0,1,0,0
1905,1,0,1,1,1
1906,1,0,1,1,1
1907,1,0,1,1,1
1908,1,0,1,1,1
1909,1,0,1,1,1
1910,1,0,1,1,1
1911,1,0,1,1,1
1912,1,0,1,1,1
1913,1,0,1,1,1
1914,1,0,1,1,1
1915,1,0,1,1,1
1916,1,0,1,1,1
1917,1,0,1,1,1
1918,1,0,1,1,1
1919,1,0,1,1,1
1920,1,0,1,1,1
1921,1,0,1,1,1
1922,1,0,1,1,1
1923,1,0,1,1,1
1924,1,0,1,1,1
1925,1,0,1,1,1
1926,1,0,1,1,1
1927,1,0,1,1,1
1928,1,0,1,1,1
1929,1,0,1,2,2
1930,1,0,1,2,2
1931,1,0,1,2,2
1932,1,0,1,2,2
1933,1,0,1,2,2
1934,1,0,1,2,2
1935,1,0,1,2,2
1936,1,0,1,2,2
1937,1,0,1,2,2
1938,1,0,1,2,2
1939,1,0,1,2,2
1940,1,0,1,2,2
1941,1,0,1,2,2
1942,1,0,1,2,2
1943,1,0,1,2,2
1944,1,0,1,2,2
1945,1,0,1,2,2
1946,1,0,1,2,2
1947,1,0,1,2,2
1948,1,0,1,2,2
1949,1,0,1,2,2
1950,1,0,1,2,2
1951,1,0,1,2,2
1952,1,0,1,2,2
1953,1,0,1,2,2
1954,1,0,1,2,2
1955,1,0,2,0,0
1956,1,0,2,0,0
1957,1,0,2,0,0
1958,1,0,2,0,0
1959,1,0,2,0,0
1960,1,0,2,0,0
1961,1,0,2,0,0
1962,1,0,2,0,0
1963,1,0,2,0,0
1964,1,0,2,0,0
1965,1,0,2,0,0
1966,1,0,2,0,0
1967,1,0,2,0,0
1968,1,0,2,0,0
1969,1,0,2,0,0
1970,1,0,2,0,0
1971,1,0,2,0,0
1972,1,0,2,0,0
1973,1,0,2,0,0
1974,1,0,2,0,0
1975,1,0,2,0,0
1976,1,0,2,0,0
1977,1,0,2,0,0
1978,1,0,2,0,0
1979,1,0,2,0,0
1980,1,0,2,0,0
1981,1,0,2,0,0
1982,1,0,2,0,0
1983,1,0,2,0,0
1984,1,0,2,0,0
1985,1,0,2,0,0
1986,1,0,2,0,0
1987,1,0,2,0,0
1988,1,0,2,0,0
1989,1,0,2,0,0
1990,1,0,2,0,0
1991,1,0,2,0,0
1992,1,0,2,0,0
1993,1,0,2,0,0
1994,1,0,2,0,0
1995,1,0,2,0,0
1996,1,0,2,0,0
1997,1,0,2,0,0
1998,1,0,2,0,0
1999,1,0,2,0,0
2000,1,0,2,0,0
2001,1,0,2,0,0
2002,1,0,2,0,0
2003,1,0,2,0,0
2004,1,0,2,0,0
2005,1,0,2,0,0
2006,1,0,2,0,0
2007,1,0,2,0,0
2008,1,0,2,0,0
2009,1,0,2,0,0
2010,1,0,2,0,0
2011,1,0,2,0,0
2012,1,0,2,0,0
2013,1,0,2,0,0
2014,1,0,2,1,1
2015,1,0,2,1,1
2016,1,0,2,1,1
2017,1,0,2,1,1
2018,1,0,2,1,1
2019,1,0,2,1,1
2020,1,0,2,1,1
2021,1,0,2,1,1
2022,1,0,2,1,1
2023,1,0,2,1,1
2024,1,0,2,1,1
2025,1,0,2,1,1
2026,1,0,2,1,1
2027,1,0,2,1,1
2028,1,0,2,1,1
2029,1,0,2,1,1
2030,1,0,2,1,1
2031,1,0,2,1,1
2032,1,0,2,1,1
2033,1,0,2,1,1
2034,1,0,2,1,1
2035,1,0,2,1,1
2036,1,0,2,1,1
2037,1,0,2,1,1
2038,1,0,2,2,2
2039,1,0,2,2,2
2040,1,0,2,2,2
2041,1,0,2,2,2
2042,1,0,2,2,2
2043,1,0,2,2,2
2044,1,0,2,2,2
2045,1,0,2,2,2
2046,1,0,2,2,2
2047,1,0,2,2,2
2048,1,0,2,2,2
2049,1,0,2,2,2
2050,1,0,2,2,2
2051,1,0,2,2,2
2052,1,0,2,2,2
2053,1,0,2,2,2
2054,1,0,2,2,2
2055,1,0,2,2,2
2056,1,0,2,2,2
2057,1,0,2,2,2
2058,1,0,2,2,2
2059,1,0,2,2,2
2060,1,0,2,2,2
2061,1,0,2,2,2
2062,1,0,2,2,2
2063,1,0,2,2,2
2064,1,0,3,0,1
2065,1,0,3,0,1
2066,1,0,3,0,1
2067,1,0,3,0,1
2068,1,0,3,0,1
2069,1,0,3,0,1
2070,1,0,3,0,1
2071,1,0,3,0,1
2072,1,0,3,0,1
2073,1,0,3,0,1
2074,1,0,3,0,1
2075,1,0,3,0,1
2076,1,0,3,0,1
2077,1,0,3,0,1
2078,1,0,3,0,1
2079,1,0,3,0,1
2080,1,0,3,0,1
2081,1,0,3,0,1
2082,1,0,3,0,1
2083,1,0,3,0,1
2084,1,0,3,0,1
2085,1,0,3,0,1
2086,1,0,3,0,1
2087,1,0,3,0,1
2088,1,0,3,1,2
2089,1,0,3,1,2
2090,1,0,3,1,2
2091,1,0,3,1,2
2092,1,0,3,1,2
2093,1,0,3,1,2
2094,1,0,3,1,2
2095,1,0,3,1,2
2096,1,0,3,1,2
2097,1,0,3,1,2
2098,1,0,3,1,2
2099,1,0,3,1,2
2100,1,0,3,1,2
2101,1,0,3,1,2
2102,1,0,3,1,2
2103,1,0,3,1,2
2104,1,0,3,1,2
2105,1,0,3,1,2
2106,1,0,3,1,2
2107,1,0,3,1,2
2108,1,0,3,1,2
2109,1,0,3,1,2
2110,1,0,3,1,2
2111,1,0,3,1,2
2112,1,0,3,1,2
2113,1,0,3,1,2
2114,1,0,3,2,3
2115,1,0,3,2,3
2116,1,0,3,2,3
2117,1,0,3,2,3
2118,1,0,3,2,3
2119,1,0,3,2,3
2120,1,0,3,2,3
2121,1,0,3,2,3
2122,1,0,3,2,3
2123,1,0,3,2,3
2124,1,0,3,2,3
2125,1,0,3,2,3
2126,1,0,3,2,3
2127,1,0,3,2,3
2128,1,0,3,2,3
2129,1,0,3,2,3
2130,1,0,3,2,3
2131,1,0,3,2,3
2132,1,0,3,2,3
2133,1,0,3,2,3
2134,1,0,3,2,3
2135,1,0,3,2,3
2136,1,0,3,2,3
2137,1,0,3,2,3
2138,1,0,3,2,3
2139,1,0,3,2,3
2140,1,0,3,2,3
2141,1,0,3,2,3
2142,1,0,3,2,3
2143,1,0,3,2,3
2144,1,0,3,2,3
2145,1,0,3,2,3
2146,1,0,3,2,3
2147,1,0,3,2,3
2148,1,0,3,2,3
2149,1,0,3,2,3
2150,1,0,3,2,3
2151,1,0,3,2,3
2152,1,0,3,2,3
2153,1,0,3,2,3
2154,1,0,3,2,3
2155,1,0,3,2,3
2156,1,0,3,2,3
2157,1,0,3,2,3
2158,1,0,3,2,3
2159,1,0,3,2,3
2160,1,0,3,2,3
2161,1,0,3,2,3
2162,1,0,3,2,3
2163,1,0,3,2,3
2164,1,0,4,0,1
2165,1,0,4,0,1
2166,1,0,4,0,1
2167,1,0,4,0,1
2168,1,0,4,0,1
2169,1,0,4,0,1
2170,1,0,4,0,1
2171,1,0,4,0,1
2172,1,0,4,0,1
2173,1,0,4,0,1
2174,1,0,4,0,1
2175,1,0,4,0,1
2176,1,0,4,0,1
2177,1,0,4,0,1
2178,1,0,4,0,1
2179,1,0,4,0,1
2180,1,0,4,0,1
2181,1,0,4,0,1
2182,1,0,4,0,1
2183,1,0,4,0,1
2184,1,0,4,0,1
2185,1,0,4,0,1
2186,1,0,4,0,1
2187,1,0,4,0,1
2188,1,0,4,1,3
2189,1,0,4,1,3
2190,1,0,4,1,3
2191,1,0,4,1,3
2192,1,0,4,1,3
2193,1,0,4,1,3
2194,1,0,4,1,3
2195,1,0,4,1,3
2196,1,0,4,1,3
2197,1,0,4,1,3
2198,1,0,4,1,3
2199,1,0,4,1,3
2200,1,0,4,1,3
2201,1,0,4,1,3
2202,1,0,4,1,3
2203,1,0,4,1,3
2204,1,0,4,1,3
2205,1,0,4,1,3
2206,1,0,4,1,3
2207,1,0,4,1,3
2208,1,0,4,1,3
2209,1,0,4,1,3
2210,1,0,4,1,3
2211,1,0,4,1,3
2212,1,0,4,1,3
2213,1,0,4,1,3
2214,1,0,4,1,3
2215,1,0,4,1,3
2216,1,0,4,1,3
2217,1,0,4,1,3
2218,1,0,4,1,3
2219,1,0,4,1,3
2220,1,0,4,1,3
2221,1,0,4,1,3
2222,1,0,4,1,3
2223,1,0,4,1,3
2224,1,0,4,1,3
2225,1,0,4,1,3
2226,1,0,4,1,3
2227,1,0,4,1,3
2228,1,0,4,1,3
2229,1,0,4,1,3
2230,1,0,4,1,3
2231,1,0,4,1,3
2232,1,0,4,1,3
2233,1,0,4,1,3
2234,1,0,4,1,3
2235,1,0,4,1,3
2236,1,0,4,1,3
2237,1,0,4,1,3
2238,1,0,4,2,4
2239,1,0,4,2,4
2240,1,0,4,2,4
2241,1,0,4,2,4
2242,1,0,4,2,4
2243,1,0,4,2,4
2244,1,0,4,2,4
2245,1,0,4,2,4
2246,1,0,4,2,4
2247,1,0,4,2,4
2248,1,0,4,2,4
2249,1,0,4,2,4
2250,1,0,4,2,4
2251,1,0,4,2,4
2252,1,0,4,2,4
2253,1,0,4,2,4
2254,1,0,4,2,4
2255,1,0,4,2,4
2256,1,0,4,2,4
2257,1,0,4,2,4
2258,1,0,4,2,4
2259,1,0,4,2,4
2260,1,0,4,2,4
2261,1,0,4,2,4
2262,1,0,4,2,4
2263,1,0,4,2,4
2264,1,0,4,2,4
2265,1,0,4,2,4
2266,1,0,4,2,4
2267,1,0,4,2,4
2268,1,0,4,2,4
2269,1,0,4,2,4
2270,1,0,4,2,4
2271,1,0,4,2,4
2272,1,0,4,2,4
2273,1,0,4,2,4
2274,1,0,4,2,4
2275,1,0,4,2,4
2276,1,0,4,2,4
2277,1,0,4,2,4
2278,1,0,4,2,4
2279,1,0,4,2,4
2280,1,0,4,2,4
2281,1,0,4,2,4
2282,1,0,4,2,4
2283,1,0,4,2,4
2284,1,0,4,2,4
2285,1,0,4,2,4
2286,1,0,4,2,4
2287,1,0,4,2,4
2288,1,0,4,2,4
2289,1,0,4,2,4
2290,1,0,4,2,4
2291,1,0,4,2,4
2292,1,0,4,2,4
2293,1,0,4,2,4
2294,1,1,0,0,0
2295,1,1,0,0,0
2296,1,1,0,0,0
2297,1,1,0,0,0
2298,1,1,0,0,0
2299,1,1,0,0,0
2300,1,1,0,0,0
2301,1,1,0,0,0
2302,1,1,0,0,0
2303,1,1,0,0,0
2304,1,1,0,0,0
2305,1,1,0,0,0
2306,1,1,0,0,0
2307,1,1,0,0,0
2308,1,1,0,0,0
2309,1,1,0,0,0
2310,1,1,0,0,0
2311,1,1,0,0,0
2312,1,1,0,0,0
2313,1,1,0,0,0
2314,1,1,0,0,0
2315,1,1,0,0,0
2316,1,1,0,0,0
2317,1,1,0,0,0
2318,1,1,0,0,0
2319,1,1,0,0,0
2320,1,1,0,0,0
2321,1,1,0,0,0
2322,1,1,0,0,0
2323,1,1,0,0,0
2324,1,1,0,0,0
2325,1,1,0,0,0
2326,1,1,0,0,0
2327,1,1,0,0,0
2328,1,1,0,0,0
2329,1,1,0,0,0
2330,1,1,0,0,0
2331,1,1,0,0,0
2332,1,1,0,0,0
2333,1,1,0,0,0
2334,1,1,0,0,0
2335,1,1,0,0,0
2336,1,1,0,0,0
2337,1,1,0,0,0
2338,1,1,0,0,0
2339,1,1,0,0,0
2340,1,1,0,0,0
2341,1,1,0,0,0
2342,1,1,0,0,0
2343,1,1,0,0,0
2344,1,1,0,0,0
2345,1,1,0,0,0
2346,1,1,0,0,0
2347,1,1,0,0,0
2348,1,1,0,0,0
2349,1,1,0,0,0
2350,1,1,0,0,0
2351,1,1,0,0,0
2352,1,1,0,0,0
2353,1,1,0,1,1
2354,1,1,0,1,1
2355,1,1,0,1,1
2356,1,1,0,1,1
2357,1,1,0,1,1
2358,1,1,0,1,1
2359,1,1,0,1,1
2360,1,1,0,1,1
2361,1,1,0,1,1
2362,1,1,0,1,1
2363,1,1,0,1,1
2364,1,1,0,1,1
2365,1,1,0,1,1
2366,1,1,0,1,1
2367,1,1,0,1,1
2368,1,1,0,1,1
2369,1,1,0,1,1
2370,1,1,0,1,1
2371,1,1,0,1,1
2372,1,1,0,1,1
2373,1,1,0,1,1
2374,1,1,0,1,1
2375,1,1,0,1,1
2376,1,1,0,1,1
2377,1,1,0,2,1
2378,1,1,0,2,1
2379,1,1,0,2,1
2380,1,1,0,2,1
2381,1,1,0,2,1
2382,1,1,0,2,1
2383,1,1,0,2,1
2384,1,1,0,2,1
2385,1,1,0,2,1
2386,1,1,0,2,1
2387,1,1,0,2,1
2388,1,1,0,2,1
2389,1,1,0,2,1
2390,1,1,0,2,1
2391,1,1,0,2,1
2392,1,1,0,2,1
2393,1,1,0,2,1
2394,1,1,0,2,1
2395,1,1,0,2,1
2396,1,1,0,2,1
2397,1,1,0,2,1
2398,1,1,0,2,1
2399,1,1,0,2,1
2400,1,1,0,2,1
2401,1,1,1,0,1
2402,1,1,1,0,1
2403,1,1,1,0,1
2404,1,1,1,0,1
2405,1,1,1,0,1
2406,1,1,1,0,1
2407,1,1,1,0,1
2408,1,1,1,0,1
2409,1,1,1,0,1
2410,1,1,1,0,1
2411,1,1,1,0,1
2412,1,1,1,0,1
2413,1,1,1,0,1
2414,1,1,1,0,1
2415,1,1,1,0,1
2416,1,1,1,0,1
2417,1,1,1,0,1
2418,1,1,1,0,1
2419,1,1,1,0,1
2420,1,1,1,0,1
2421,1,1,1,0,1
2422,1,1,1,0,1
2423,1,1,1,0,1
2424,1,1,1,0,1
2425,1,1,1,1,1
2426,1,1,1,1,1
2427,1,1,1,1,1
2428,1,1,1,1,1
2429,1,1,1,1,1
2430,1,1,1,1,1
2431,1,1,1,1,1
2432,1,1,1,1,1
2433,1,1,1,1,1
2434,1,1,1,1,1
2435,1,1,1,1,1
2436,1,1,1,1,1
2437,1,1,1,1,1
2438,1,1,1,1,1
2439,1,1,1,1,1
2440,1,1,1,1,1
2441,1,1,1,1,1
2442,1,1,1,1,1
2443,1,1,1,1,1
2444,1,1,1,1,1
2445,1,1,1,1,1
2446,1,1,1,1,1
2447,1,1,1,1,1
2448,1,1,1,1,1
2449,1,1,1,2,2
2450,1,1,1,2,2
2451,1,1,1,2,2
2452,1,1,1,2,2
2453,1,1,1,2,2
2454,1,1,1,2,2
2455,1,1,1,2,2
2456,1,1,1,2,2
2457,1,1,1,2,2
2458,1,1,1,2,2
2459,1,1,1,2,2
2460,1,1,1,2,2
2461,1,1,1,2,2
2462,1,1,1,2,2
2463,1,1,1,2,2
2464,1,1,1,2,2
2465,1,1,1,2,2
2466,1,1,1,2,2
2467,1,1,1,2,2
2468,1,1,1,2,2
2469,1,1,1,2,2
2470,1,1,1,2,2
2471,1,1,1,2,2
2472,1,1,1,2,2
2473,1,1,1,2,2
2474,1,1,1,2,2
2475,1,1,2,0,1
2476,1,1,2,0,1
2477,1,1,2,0,1
2478,1,1,2,0,1
2479,1,1,2,0,1
2480,1,1,2,0,1
2481,1,1,2,0,1
2482,1,1,2,0,1
2483,1,1,2,0,1
2484,1,1,2,0,1
2485,1,1,2,0,1
2486,1,1,2,0,1
2487,1,1,2,0,1
2488,1,1,2,0,1
2489,1,1,2,0,1
2490,1,1,2,0,1
2491,1,1,2,0,1
2492,1,1,2,0,1
2493,1,1,2,0,1
2494,1,1,2,0,1
2495,1,1,2,0,1
2496,1,1,2,0,1
2497,1,1,2,0,1
2498,1,1,2,0,1
2499,1,1,2,1,2
2500,1,1,2,1,2
2501,1,1,2,1,2
2502,1,1,2,1,2
2503,1,1,2,1,2
2504,1,1,2,1,2
2505,1,1,2,1,2
2506,1,1,2,1,2
2507,1,1,2,1,2
2508,1,1,2,1,2
2509,1,1,2,1,2
2510,1,1,2,1,2
2511,1,1,2,1,2
2512,1,1,2,1,2
2513,1,1,2,1,2
2514,1,1,2,1,2
2515,1,1,2,1,2
2516,1,1,2,1,2
2517,1,1,2,1,2
2518,1,1,2,1,2
2519,1,1,2,1,2
2520,1,1,2,1,2
2521,1,1,2,1,2
2522,1,1,2,1,2
2523,1,1,2,1,2
2524,1,1,2,1,2
2525,1,1,2,2,2
2526,1,1,2,2,2
2527,1,1,2,2,2
2528,1,1,2,2,2
2529,1,1,2,2,2
2530,1,1,2,2,2
2531,1,1,2,2,2
2532,1,1,2,2,2
2533,1,1,2,2,2
2534,1,1,2,2,2
2535,1,1,2,2,2
2536,1,1,2,2,2
2537,1,1,2,2,2
2538,1,1,2,2,2
2539,1,1,2,2,2
2540,1,1,2,2,2
2541,1,1,2,2,2
2542,1,1,2,2,2
2543,1,1,2,2,2
2544,1,1,2,2,2
2545,1,1,2,2,2
2546,1,1,2,2,2
2547,1,1,2,2,2
2548,1,1,2,2,2
2549,1,1,2,2,2
2550,1,1,2,2,2
2551,1,1,3,0,1
2552,1,1,3,0,1
2553,1,1,3,0,1
2554,1,1,3,0,1
2555,1,1,3,0,1
2556,1,1,3,0,1
2557,1,1,3,0,1
2558,1,1,3,0,1
2559,1,1,3,0,1
2560,1,1,3,0,1
2561,1,1,3,0,1
2562,1,1,3,0,1
2563,1,1,3,0,1
2564,1,1,3,0,1
2565,1,1,3,0,1
2566,1,1,3,0,1
2567,1,1,3,0,1
2568,1,1,3,0,1
2569,1,1,3,0,1
2570,1,1,3,0,1
2571,1,1,3,0,1
2572,1,1,3,0,1
2573,1,1,3,0,1
2574,1,1,3,0,1
2575,1,1,3,1,2
2576,1,1,3,1,2
2577,1,1,3,1,2
2578,1,1,3,1,2
2579,1,1,3,1,2
2580,1,1,3,1,2
2581,1,1,3,1,2
2582,1,1,3,1,2
2583,1,1,3,1,2
2584,1,1,3,1,2
2585,1,1,3,1,2
2586,1,1,3,1,2
2587,1,1,3,1,2
2588,1,1,3,1,2
2589,1,1,3,1,2
2590,1,1,3,1,2
2591,1,1,3,1,2
2592,1,1,3,1,2
2593,1,1,3,1,2
2594,1,1,3,1,2
2595,1,1,3,1,2
2596,1,1,3,1,2
2597,1,1,3,1,2
2598,1,1,3,1,2
2599,1,1,3,1,2
2600,1,1,3,1,2
2601,1,1,3,2,3
2602,1,1,3,2,3
2603,1,1,3,2,3
2604,1,1,3,2,3
2605,1,1,3,2,3
2606,1,1,3,2,3
2607,1,1,3,2,3
2608,1,1,3,2,3
2609,1,1,3,2,3
2610,1,1,3,2,3
2611,1,1,3,2,3
2612,1,1,3,2,3
2613,1,1,3,2,3
2614,1,1,3,2,3
2615,1,1,3,2,3
2616,1,1,3,2,3
2617,1,1,3,2,3
2618,1,1,3,2,3
2619,1,1,3,2,3
2620,1,1,3,2,3
2621,1,1,3,2,3
2622,1,1,3,2,3
2623,1,1,3,2,3
2624,1,1,3,2,3
2625,1,1,3,2,3
2626,1,1,3,2,3
2627,1,1,3,2,3
2628,1,1,3,2,3
2629,1,1,3,2,3
2630,1,1,3,2,3
2631,1,1,3,2,3
2632,1,1,3,2,3
2633,1,1,3,2,3
2634,1,1,3,2,3
2635,1,1,3,2,3
2636,1,1,3,2,3
2637,1,1,3,2,3
2638,1,1,3,2,3
2639,1,1,3,2,3
2640,1,1,3,2,3
2641,1,1,3,2,3
2642,1,1,3,2,3
2643,1,1,3,2,3
2644,1,1,3,2,3
2645,1,1,3,2,3
2646,1,1,3,2,3
2647,1,1,3,2,3
2648,1,1,3,2,3
2649,1,1,3,2,3
2650,1,1,3,2,3
2651,1,1,4,0,2
2652,1,1,4,0,2
2653,1,1,4,0,2
2654,1,1,4,0,2
2655,1,1,4,0,2
2656,1,1,4,0,2
2657,1,1,4,0,2
2658,1,1,4,0,2
2659,1,1,4,0,2
2660,1,1,4,0,2
2661,1,1,4,0,2
2662,1,1,4,0,2
2663,1,1,4,0,2
2664,1,1,4,0,2
2665,1,1,4,0,2
2666,1,1,4,0,2
2667,1,1,4,0,2
2668,1,1,4,0,2
2669,1,1,4,0,2
2670,1,1,4,0,2
2671,1,1,4,0,2
2672,1,1,4,0,2
2673,1,1,4,0,2
2674,1,1,4,0,2
2675,1,1,4,0,2
2676,1,1,4,0,2
2677,1,1,4,1,3
2678,1,1,4,1,3
2679,1,1,4,1,3
2680,1,1,4,1,3
2681,1,1,4,1,3
2682,1,1,4,1,3
2683,1,1,4,1,3
2684,1,1,4,1,3
2685,1,1,4,1,3
2686,1,1,4,1,3
2687,1,1,4,1,3
2688,1,1,4,1,3
2689,1,1,4,1,3
2690,1,1,4,1,3
2691,1,1,4,1,3
2692,1,1,4,1,3
2693,1,1,4,1,3
2694,1,1,4,1,3
2695,1,1,4,1,3
2696,1,1,4,1,3
2697,1,1,4,1,3
2698,1,1,4,1,3
2699,1,1,4,1,3
2700,1,1,4,1,3
2701,1,1,4,1,3
2702,1,1,4,1,3
2703,1,1,4,1,3
2704,1,1,4,1,3
2705,1,1,4,1,3
2706,1,1,4,1,3
2707,1,1,4,1,3
2708,1,1,4,1,3
2709,1,1,4,1,3
2710,1,1,4,1,3
2711,1,1,4,1,3
2712,1,1,4,1,3
2713,1,1,4,1,3
2714,1,1,4,1,3
2715,1,1,4,1,3
2716,1,1,4,1,3
2717,1,1,4,1,3
2718,1,1,4,1,3
2719,1,1,4,1,3
2720,1,1,4,1,3
2721,1,1,4,1,3
2722,1,1,4,1,3
2723,1,1,4,1,3
2724,1,1,4,1,3
2725,1,1,4,1,3
2726,1,1,4,1,3
2727,1,1,4,2,4
2728,1,1,4,2,4
2729,1,1,4,2,4
2730,1,1,4,2,4
2731,1,1,4,2,4
2732,1,1,4,2,4
2733,1,1,4,2,4
2734,1,1,4,2,4
2735,1,1,4,2,4
2736,1,1,4,2,4
2737,1,1,4,2,4
2738,1,1,4,2,4
2739,1,1,4,2,4
2740,1,1,4,2,4
2741,1,1,4,2,4
2742,1,1,4,2,4
2743,1,1,4,2,4
2744,1,1,4,2,4
2745,1,1,4,2,4
2746,1,1,4,2,4
2747,1,1,4,2,4
2748,1,1,4,2,4
2749,1,1,4,2,4
2750,1,1,4,2,4
2751,1,1,4,2,4
2752,1,1,4,2,4
2753,1,1,4,2,4
2754,1,1,4,2,4
2755,1,1,4,2,4
2756,1,1,4,2,4
2757,1,1,4,2,4
2758,1,1,4,2,4
2759,1,1,4,2,4
2760,1,1,4,2,4
2761,1,1,4,2,4
2762,1,1,4,2,4
2763,1,1,4,2,4
2764,1,1,4,2,4
2765,1,1,4,2,4
2766,1,1,4,2,4
2767,1,1,4,2,4
2768,1,1,4,2,4
2769,1,1,4,2,4
2770,1,1,4,2,4
2771,1,1,4,2,4
2772,1,1,4,2,4
2773,1,1,4,2,4
2774,1,1,4,2,4
2775,1,1,4,2,4
2776,1,1,4,2,4
2777,1,1,4,2,4
2778,1,1,4,2,4
2779,1,1,4,2,4
2780,1,1,4,2,4
2781,1,1,4,2,4
2782,1,1,4,2,4
2783,1,2,0,0,0
2784,1,2,0,0,0
2785,1,2,0,0,0
2786,1,2,0,0,0
2787,1,2,0,0,0
2788,1,2,0,0,0
2789,1,2,0,0,0
2790,1,2,0,0,0
2791,1,2,0,0,0
2792,1,2,0,0,0
2793,1,2,0,0,0
2794,1,2,0,0,0
2795,1,2,0,0,0
2796,1,2,0,0,0
2797,1,2,0,0,0
2798,1,2,0,0,0
2799,1,2,0,0,0
2800,1,2,0,0,0
2801,1,2,0,0,0
2802,1,2,0,0,0
2803,1,2,0,0,0
2804,1,2,0,0,0
2805,1,2,0,0,0
2806,1,2,0,0,0
2807,1,2,0,0,0
2808,1,2,0,0,0
2809,1,2,0,0,0
2810,1,2,0,0,0
2811,1,2,0,0,0
2812,1,2,0,0,0
2813,1,2,0,0,0
2814,1,2,0,0,0
2815,1,2,0,0,0
2816,1,2,0,0,0
2817,1,2,0,0,0
2818,1,2,0,0,0
2819,1,2,0,0,0
2820,1,2,0,0,0
2821,1,2,0,0,0
2822,1,2,0,0,0
2823,1,2,0,0,0
2824,1,2,0,0,0
2825,1,2,0,0,0
2826,1,2,0,0,0
2827,1,2,0,0,0
2828,1,2,0,0,0
2829,1,2,0,0,0
2830,1,2,0,0,0
2831,1,2,0,0,0
2832,1,2,0,0,0
2833,1,2,0,0,0
2834,1,2,0,0,0
2835,1,2,0,0,0
2836,1,2,0,0,0
2837,1,2,0,0,0
2838,1,2,0,0,0
2839,1,2,0,0,0
2840,1,2,0,0,0
2841,1,2,0,0,0
2842,1,2,0,1,1
2843,1,2,0,1,1
2844,1,2,0,1,1
2845,1,2,0,1,1
2846,1,2,0,1,1
2847,1,2,0,1,1
2848,1,2,0,1,1
2849,1,2,0,1,1
2850,1,2,0,1,1
2851,1,2,0,1,1
2852,1,2,0,1,1
2853,1,2,0,1,1
2854,1,2,0,1,1
2855,1,2,0,1,1
2856,1,2,0,1,1
2857,1,2,0,1,1
2858,1,2,0,1,1
2859,1,2,0,1,1
2860,1,2,0,1,1
2861,1,2,0,1,1
2862,1,2,0,1,1
2863,1,2,0,1,1
2864,1,2,0,1,1
2865,1,2,0,1,1
2866,1,2,0,2,1
2867,1,2,0,2,1
2868,1,2,0,2,1
2869,1,2,0,2,1
2870,1,2,0,2,1
2871,1,2,0,2,1
2872,1,2,0,2,1
2873,1,2,0,2,1
2874,1,2,0,2,1
2875,1,2,0,2,1
2876,1,2,0,2,1
2877,1,2,0,2,1
2878,1,2,0,2,1
2879,1,2,0,2,1
2880,1,2,0,2,1
2881,1,2,0,2,1
2882,1,2,0,2,1
2883,1,2,0,2,1
2884,1,2,0,2,1
2885,1,2,0,2,1
2886,1,2,0,2,1
2887,1,2,0,2,1
2888,1,2,0,2,1
2889,1,2,0,2,1
2890,1,2,1,0,1
2891,1,2,1,0,1
2892,1,2,1,0,1
2893,1,2,1,0,1
2894,1,2,1,0,1
2895,1,2,1,0,1
2896,1,2,1,0,1
2897,1,2,1,0,1
2898,1,2,1,0,1
2899,1,2,1,0,1
2900,1,2,1,0,1
2901,1,2,1,0,1
2902,1,2,1,0,1
2903,1,2,1,0,1
2904,1,2,1,0,1
2905,1,2,1,0,1
2906,1,2,1,0,1
2907,1,2,1,0,1
2908,1,2,1,0,1
2909,1,2,1,0,1
2910,1,2,1,0,1
2911,1,2,1,0,1
2912,1,2,1,0,1
2913,1,2,1,0,1
2914,1,2,1,1,2
2915,1,2,1,1,2
2916,1,2,1,1,2
2917,1,2,1,1,2
2918,1,2,1,1,2
2919,1,2,1,1,2
2920,1,2,1,1,2
2921,1,2,1,1,2
2922,1,2,1,1,2
2923,1,2,1,1,2
2924,1,2,1,1,2
2925,1,2,1,1,2
2926,1,2,1,1,2
2927,1,2,1,1,2
2928,1,2,1,1,2
2929,1,2,1,1,2
2930,1,2,1,1,2
2931,1,2,1,1,2
2932,1,2,1,1,2
2933,1,2,1,1,2
2934,1,2,1,1,2
2935,1,2,1,1,2
2936,1,2,1,1,2
2937,1,2,1,1,2
2938,1,2,1,1,2
2939,1,2,1,1,2
2940,1,2,1,2,2
2941,1,2,1,2,2
2942,1,2,1,2,2
2943,1,2,1,2,2
2944,1,2,1,2,2
2945,1,2,1,2,2
2946,1,2,1,2,2
2947,1,2,1,2,2
2948,1,2,1,2,2
2949,1,2,1,2,2
2950,1,2,1,2,2
2951,1,2,1,2,2
2952,1,2,1,2,2
2953,1,2,1,2,2
2954,1,2,1,2,2
2955,1,2,1,2,2
2956,1,2,1,2,2
2957,1,2,1,2,2
2958,1,2,1,2,2
2959,1,2,1,2,2
2960,1,2,1,2,2
2961,1,2,1,2,2
2962,1,2,1,2,2
2963,1,2,1,2,2
2964,1,2,1,2,2
2965,1,2,1,2,2
2966,1,2,2,0,1
2967,1,2,2,0,1
2968,1,2,2,0,1
2969,1,2,2,0,1
2970,1,2,2,0,1
2971,1,2,2,0,1
2972,1,2,2,0,1
2973,1,2,2,0,1
2974,1,2,2,0,1
2975,1,2,2,0,1
2976,1,2,2,0,1
2977,1,2,2,0,1
2978,1,2,2,0,1
2979,1,2,2,0,1
2980,1,2,2,0,1
2981,1,2,2,0,1
2982,1,2,2,0,1
2983,1,2,2,0,1
2984,1,2,2,0,1
2985,1,2,2,0,1
2986,1,2,2,0,1
2987,1,2,2,0,1
2988,1,2,2,0,1
2989,1,2,2,0,1
2990,1,2,2,1,2
2991,1,2,2,1,2
2992,1,2,2,1,2
2993,1,2,2,1,2
2994,1,2,2,1,2
2995,1,2,2,1,2
2996,1,2,2,1,2
2997,1,2,2,1,2
2998,1,2,2,1,2
2999,1,2,2,1,2
3000,1,2,2,1,2
3001,1,2,2,1,2
3002,1,2,2,1,2
3003,1,2,2,1,2
3004,1,2,2,1,2
3005,1,2,2,1,2
3006,1,2,2,1,2
3007,1,2,2,1,2
3008,1,2,2,1,2
3009,1,2,2,1,2
3010,1,2,2,1,2
3011,1,2,2,1,2
3012,1,2,2,1,2
3013,1,2,2,1,2
3014,1,2,2,1,2
3015,1,2,2,1,2
3016,1,2,2,2,3
3017,1,2,2,2,3
3018,1,2,2,2,3
3019,1,2,2,2,3
3020,1,2,2,2,3
3021,1,2,2,2,3
3022,1,2,2,2,3
3023,1,2,2,2,3
3024,1,2,2,2,3
3025,1,2,2,2,3
3026,1,2,2,2,3
3027,1,2,2,2,3
3028,1,2,2,2,3
3029,1,2,2,2,3
3030,1,2,2,2,3
3031,1,2,2,2,3
3032,1,2,2,2,3
3033,1,2,2,2,3
3034,1,2,2,2,3
3035,1,2,2,2,3
3036,1,2,2,2,3
3037,1,2,2,2,3
3038,1,2,2,2,3
3039,1,2,2,2,3
3040,1,2,2,2,3
3041,1,2,2,2,3
3042,1,2,2,2,3
3043,1,2,2,2,3
3044,1,2,2,2,3
3045,1,2,2,2,3
3046,1,2,2,2,3
3047,1,2,2,2,3
3048,1,2,2,2,3
3049,1,2,2,2,3
3050,1,2,2,2,3
3051,1,2,2,2,3
3052,1,2,2,2,3
3053,1,2,2,2,3
3054,1,2,2,2,3
3055,1,2,2,2,3
3056,1,2,2,2,3
3057,1,2,2,2,3
3058,1,2,2,2,3
3059,1,2,2,2,3
3060,1,2,2,2,3
3061,1,2,2,2,3
3062,1,2,2,2,3
3063,1,2,2,2,3
3064,1,2,2,2,3
3065,1,2,2,2,3
3066,1,2,3,0,2
3067,1,2,3,0,2
3068,1,2,3,0,2
3069,1,2,3,0,2
3070,1,2,3,0,2
3071,1,2,3,0,2
3072,1,2,3,0,2
3073,1,2,3,0,2
3074,1,2,3,0,2
3075,1,2,3,0,2
3076,1,2,3,0,2
3077,1,2,3,0,2
3078,1,2,3,0,2
3079,1,2,3,0,2
3080,1,2,3,0,2
3081,1,2,3,0,2
3082,1,2,3,0,2
3083,1,2,3,0,2
3084,1,2,3,0,2
3085,1,2,3,0,2
3086,1,2,3,0,2
3087,1,2,3,0,2
3088,1,2,3,0,2
3089,1,2,3,0,2
3090,1,2,3,0,2
3091,1,2,3,0,2
3092,1,2,3,1,2
3093,1,2,3,1,2
3094,1,2,3,1,2
3095,1,2,3,1,2
3096,1,2,3,1,2
3097,1,2,3,1,2
3098,1,2,3,1,2
3099,1,2,3,1,2
3100,1,2,3,1,2
3101,1,2,3,1,2
3102,1,2,3,1,2
3103,1,2,3,1,2
3104,1,2,3,1,2
3105,1,2,3,1,2
3106,1,2,3,1,2
3107,1,2,3,1,2
3108,1,2,3,1,2
3109,1,2,3,1,2
3110,1,2,3,1,2
3111,1,2,3,1,2
3112,1,2,3,1,2
3113,1,2,3,1,2
3114,1,2,3,1,2
3115,1,2,3,1,2
3116,1,2,3,1,2
3117,1,2,3,1,2
3118,1,2,3,2,3
3119,1,2,3,2,3
3120,1,2,3,2,3
3121,1,2,3,2,3
3122,1,2,3,2,3
3123,1,2,3,2,3
3124,1,2,3,2,3
3125,1,2,3,2,3
3126,1,2,3,2,3
3127,1,2,3,2,3
3128,1,2,3,2,3
3129,1,2,3,2,3
3130,1,2,3,2,3
3131,1,2,3,2,3
3132,1,2,3,2,3
3133,1,2,3,2,3
3134,1,2,3,2,3
3135,1,2,3,2,3
3136,1,2,3,2,3
3137,1,2,3,2,3
3138,1,2,3,2,3
3139,1,2,3,2,3
3140,1,2,3,2,3
3141,1,2,3,2,3
3142,1,2,3,2,3
3143,1,2,3,2,3
3144,1,2,3,2,3
3145,1,2,3,2,3
3146,1,2,3,2,3
3147,1,2,3,2,3
3148,1,2,3,2,3
3149,1,2,3,2,3
3150,1,2,3,2,3
3151,1,2,3,2,3
3152,1,2,3,2,3
3153,1,2,3,2,3
3154,1,2,3,2,3
3155,1,2,3,2,3
3156,1,2,3,2,3
3157,1,2,3,2,3
3158,1,2,3,2,3
3159,1,2,3,2,3
3160,1,2,3,2,3
3161,1,2,3,2,3
3162,1,2,3,2,3
3163,1,2,3,2,3
3164,1,2,3,2,3
3165,1,2,3,2,3
3166,1,2,3,2,3
3167,1,2,3,2,3
3168,1,2,4,0,2
3169,1,2,4,0,2
3170,1,2,4,0,2
3171,1,2,4,0,2
3172,1,2,4,0,2
3173,1,2,4,0,2
3174,1,2,4,0,2
3175,1,2,4,0,2
3176,1,2,4,0,2
3177,1,2,4,0,2
3178,1,2,4,0,2
3179,1,2,4,0,2
3180,1,2,4,0,2
3181,1,2,4,0,2
3182,1,2,4,0,2
3183,1,2,4,0,2
3184,1,2,4,0,2
3185,1,2,4,0,2
3186,1,2,4,0,2
3187,1,2,4,0,2
3188,1,2,4,0,2
3189,1,2,4,0,2
3190,1,2,4,0,2
3191,1,2,4,0,2
3192,1,2,4,0,2
3193,1,2,4,0,2
3194,1,2,4,1,4
3195,1,2,4,1,4
3196,1,2,4,1,4
3197,1,2,4,1,4
3198,1,2,4,1,4
3199,1,2,4,1,4
3200,1,2,4,1,4
3201,1,2,4,1,4
3202,1,2,4,1,4
3203,1,2,4,1,4
3204,1,2,4,1,4
3205,1,2,4,1,4
3206,1,2,4,1,4
3207,1,2,4,1,4
3208,1,2,4,1,4
3209,1,2,4,1,4
3210,1,2,4,1,4
3211,1,2,4,1,4
3212,1,2,4,1,4
3213,1,2,4,1,4
3214,1,2,4,1,4
3215,1,2,4,1,4
3216,1,2,4,1,4
3217,1,2,4,1,4
3218,1,2,4,1,4
3219,1,2,4,1,4
3220,1,2,4,1,4
3221,1,2,4,1,4
3222,1,2,4,1,4
3223,1,2,4,1,4
3224,1,2,4,1,4
3225,1,2,4,1,4
3226,1,2,4,1,4
3227,1,2,4,1,4
3228,1,2,4,1,4
3229,1,2,4,1,4
3230,1,2,4,1,4
3231,1,2,4,1,4
3232,1,2,4,1,4
3233,1,2,4,1,4
3234,1,2,4,1,4
3235,1,2,4,1,4
3236,1,2,4,1,4
3237,1,2,4,1,4
3238,1,2,4,1,4
3239,1,2,4,1,4
3240,1,2,4,1,4
3241,1,2,4,1,4
3242,1,2,4,1,4
3243,1,2,4,1,4
3244,1,2,4,1,4
3245,1,2,4,1,4
3246,1,2,4,1,4
3247,1,2,4,1,4
3248,1,2,4,1,4
3249,1,2,4,1,4
3250,1,2,4,2,4
3251,1,2,4,2,4
3252,1,2,4,2,4
3253,1,2,4,2,4
3254,1,2,4,2,4
3255,1,2,4,2,4
3256,1,2,4,2,4
3257,1,2,4,2,4
3258,1,2,4,2,4
3259,1,2,4,2,4
3260,1,2,4,2,4
3261,1,2,4,2,4
3262,1,2,4,2,4
3263,1,2,4,2,4
3264,1,2,4,2,4
3265,1,2,4,2,4
3266,1,2,4,2,4
3267,1,2,4,2,4
3268,1,2,4,2,4
3269,1,2,4,2,4
3270,1,2,4,2,4
3271,1,2,4,2,4
3272,1,2,4,2,4
3273,1,2,4,2,4
3274,1,2,4,2,4
3275,1,2,4,2,4
3276,1,2,4,2,4
3277,1,2,4,2,4
3278,1,2,4,2,4
3279,1,2,4,2,4
3280,1,2,4,2,4
3281,1,2,4,2,4
3282,1,2,4,2,4
3283,1,2,4,2,4
3284,1,2,4,2,4
3285,1,2,4,2,4
3286,1,2,4,2,4
3287,1,2,4,2,4
3288,1,2,4,2,4
3289,1,2,4,2,4
3290,1,2,4,2,4
3291,1,2,4,2,4
3292,1,2,4,2,4
3293,1,2,4,2,4
3294,1,2,4,2,4
3295,1,2,4,2,4
3296,1,2,4,2,4
3297,1,2,4,2,4
3298,1,2,4,2,4
3299,1,2,4,2,4
3300,1,2,4,2,4
3301,1,2,4,2,4
3302,1,2,4,2,4
3303,1,2,4,2,4
3304,1,2,4,2,4
3305,1,2,4,2,4
3306,2,0,0,0,0
3307,2,0,0,0,0
3308,2,0,0,0,0
3309,2,0,0,0,0
3310,2,0,0,0,0
3311,2,0,0,0,0
3312,2,0,0,0,0
3313,2,0,0,0,0
3314,2,0,0,0,0
3315,2,0,0,0,0
3316,2,0,0,0,0
3317,2,0,0,0,0
3318,2,0,0,0,0
3319,2,0,0,0,0
3320,2,0,0,0,0
3321,2,0,0,0,0
3322,2,0,0,0,0
3323,2,0,0,0,0
3324,2,0,0,0,0
3325,2,0,0,0,0
3326,2,0,0,0,0
3327,2,0,0,0,0
3328,2,0,0,0,0
3329,2,0,0,0,0
3330,2,0,0,0,0
3331,2,0,0,0,0
3332,2,0,0,0,0
3333,2,0,0,0,0
3334,2,0,0,0,0
3335,2,0,0,0,0
3336,2,0,0,0,0
3337,2,0,0,0,0
3338,2,0,0,0,0
3339,2,0,0,0,0
3340,2,0,0,0,0
3341,2,0,0,0,0
3342,2,0,0,0,0
3343,2,0,0,0,0
3344,2,0,0,0,0
3345,2,0,0,0,0
3346,2,0,0,0,0
3347,2,0,0,0,0
3348,2,0,0,0,0
3349,2,0,0,0,0
3350,2,0,0,0,0
3351,2,0,0,0,0
3352,2,0,0,0,0
3353,2,0,0,0,0
3354,2,0,0,0,0
3355,2,0,0,0,0
3356,2,0,0,0,0
3357,2,0,0,0,0
3358,2,0,0,0,0
3359,2,0,0,0,0
3360,2,0,0,0,0
3361,2,0,0,0,0
3362,2,0,0,0,0
3363,2,0,0,0,0
3364,2,0,0,0,0
3365,2,0,0,1,1
3366,2,0,0,1,1
3367,2,0,0,1,1
3368,2,0,0,1,1
3369,2,0,0,1,1
3370,2,0,0,1,1
3371,2,0,0,1,1
3372,2,0,0,1,1
3373,2,0,0,1,1
3374,2,0,0,1,1
3375,2,0,0,1,1
3376,2,0,0,1,1
3377,2,0,0,1,1
3378,2,0,0,1,1
3379,2,0,0,1,1
3380,2,0,0,1,1
3381,2,0,0,1,1
3382,2,0,0,1,1
3383,2,0,0,1,1
3384,2,0,0,1,1
3385,2,0,0,1,1
3386,2,0,0,1,1
3387,2,0,0,1,1
3388,2,0,0,1,1
3389,2,0,0,2,1
3390,2,0,0,2,1
3391,2,0,0,2,1
3392,2,0,0,2,1
3393,2,0,0,2,1
3394,2,0,0,2,1
3395,2,0,0,2,1
3396,2,0,0,2,1
3397,2,0,0,2,1
3398,2,0,0,2,1
3399,2,0,0,2,1
3400,2,0,0,2,1
3401,2,0,0,2,1
3402,2,0,0,2,1
3403,2,0,0,2,1
3404,2,0,0,2,1
3405,2,0,0,2,1
3406,2,0,0,2,1
3407,2,0,0,2,1
3408,2,0,0,2,1
3409,2,0,0,2,1
3410,2,0,0,2,1
3411,2,0,0,2,1
3412,2,0,0,2,1
3413,2,0,1,0,1
3414,2,0,1,0,1
3415,2,0,1,0,1
3416,2,0,1,0,1
3417,2,0,1,0,1
3418,2,0,1,0,1
3419,2,0,1,0,1
3420,2,0,1,0,1
3421,2,0,1,0,1
3422,2,0,1,0,1
3423,2,0,1,0,1
3424,2,0,1,0,1
3425,2,0,1,0,1
3426,2,0,1,0,1
3427,2,0,1,0,1
3428,2,0,1,0,1
3429,2,0,1,0,1
3430,2,0,1,0,1
3431,2,0,1,0,1
3432,2,0,1,0,1
3433,2,0,1,0,1
3434,2,0,1,0,1
3435,2,0,1,0,1
3436,2,0,1,0,1
3437,2,0,1,1,1
3438,2,0,1,1,1
3439,2,0,1,1,1
3440,2,0,1,1,1
3441,2,0,1,1,1
3442,2,0,1,1,1
3443,2,0,1,1,1
3444,2,0,1,1,1
3445,2,0,1,1,1
3446,2,0,1,1,1
3447,2,0,1,1,1
3448,2,0,1,1,1
3449,2,0,1,1,1
3450,2,0,1,1,1
3451,2,0,1,1,1
3452,2,0,1,1,1
3453,2,0,1,1,1
3454,2,0,1,1,1
3455,2,0,1,1,1
3456,2,0,1,1,1
3457,2,0,1,1,1
3458,2,0,1,1,1
3459,2,0,1,1,1
3460,2,0,1,1,1
3461,2,0,1,2,2
3462,2,0,1,2,2
3463,2,0,1,2,2
3464,2,0,1,2,2
3465,2,0,1,2,2
3466,2,0,1,2,2
3467,2,0,1,2,2
3468,2,0,1,2,2
3469,2,0,1,2,2
3470,2,0,1,2,2
3471,2,0,1,2,2
3472,2,0,1,2,2
3473,2,0,1,2,2
3474,2,0,1,2,2
3475,2,0,1,2,2
3476,2,0,1,2,2
3477,2,0,1,2,2
3478,2,0,1,2,2
3479,2,0,1,2,2
3480,2,0,1,2,2
3481,2,0,1,2,2
3482,2,0,1,2,2
3483,2,0,1,2,2
3484,2,0,1,2,2
3485,2,0,1,2,2
3486,2,0,1,2,2
3487,2,0,2,0,1
3488,2,0,2,0,1
3489,2,0,2,0,1
3490,2,0,2,0,1
3491,2,0,2,0,1
3492,2,0,2,0,1
3493,2,0,2,0,1
3494,2,0,2,0,1
3495,2,0,2,0,1
3496,2,0,2,0,1
3497,2,0,2,0,1
3498,2,0,2,0,1
3499,2,0,2,0,1
3500,2,0,2,0,1
3501,2,0,2,0,1
3502,2,0,2,0,1
3503,2,0,2,0,1
3504,2,0,2,0,1
3505,2,0,2,0,1
3506,2,0,2,0,1
3507,2,0,2,0,1
3508,2,0,2,0,1
3509,2,0,2,0,1
3510,2,0,2,0,1
3511,2,0,2,1,2
3512,2,0,2,1,2
3513,2,0,2,1,2
3514,2,0,2,1,2
3515,2,0,2,1,2
3516,2,0,2,1,2
3517,2,0,2,1,2
3518,2,0,2,1,2
3519,2,0,2,1,2
3520,2,0,2,1,2
3521,2,0,2,1,2
3522,2,0,2,1,2
3523,2,0,2,1,2
3524,2,0,2,1,2
3525,2,0,2,1,2
3526,2,0,2,1,2
3527,2,0,2,1,2
3528,2,0,2,1,2
3529,2,0,2,1,2
3530,2,0,2,1,2
3531,2,0,2,1,2
3532,2,0,2,1,2
3533,2,0,2,1,2
3534,2,0,2,1,2
3535,2,0,2,1,2
3536,2,0,2,1,2
3537,2,0,2,2,3
3538,2,0,2,2,3
3539,2,0,2,2,3
3540,2,0,2,2,3
3541,2,0,2,2,3
3542,2,0,2,2,3
3543,2,0,2,2,3
3544,2,0,2,2,3
3545,2,0,2,2,3
3546,2,0,2,2,3
3547,2,0,2,2,3
3548,2,0,2,2,3
3549,2,0,2,2,3
3550,2,0,2,2,3
3551,2,0,2,2,3
3552,2,0,2,2,3
3553,2,0,2,2,3
3554,2,0,2,2,3
3555,2,0,2,2,3
3556,2,0,2,2,3
3557,2,0,2,2,3
3558,2,0,2,2,3
3559,2,0,2,2,3
3560,2,0,2,2,3
3561,2,0,2,2,3
3562,2,0,2,2,3
3563,2,0,2,2,3
3564,2,0,2,2,3
3565,2,0,2,2,3
3566,2,0,2,2,3
3567,2,0,2,2,3
3568,2,0,2,2,3
3569,2,0,2,2,3
3570,2,0,2,2,3
3571,2,0,2,2,3
3572,2,0,2,2,3
3573,2,0,2,2,3
3574,2,0,2,2,3
3575,2,0,2,2,3
3576,2,0,2,2,3
3577,2,0,2,2,3
3578,2,0,2,2,3
3579,2,0,2,2,3
3580,2,0,2,2,3
3581,2,0,2,2,3
3582,2,0,2,2,3
3583,2,0,2,2,3
3584,2,0,2,2,3
3585,2,0,2,2,3
3586,2,0,2,2,3
3587,2,0,3,0,2
3588,2,0,3,0,2
3589,2,0,3,0,2
3590,2,0,3,0,2
3591,2,0,3,0,2
3592,2,0,3,0,2
3593,2,0,3,0,2
3594,2,0,3,0,2
3595,2,0,3,0,2
3596,2,0,3,0,2
3597,2,0,3,0,2
3598,2,0,3,0,2
3599,2,0,3,0,2
3600,2,0,3,0,2
3601,2,0,3,0,2
3602,2,0,3,0,2
3603,2,0,3,0,2
3604,2,0,3,0,2
3605,2,0,3,0,2
3606,2,0,3,0,2
3607,2,0,3,0,2
3608,2,0,3,0,2
3609,2,0,3,0,2
3610,2,0,3,0,2
3611,2,0,3,0,2
3612,2,0,3,0,2
3613,2,0,3,1,3
3614,2,0,3,1,3
3615,2,0,3,1,3
3616,2,0,3,1,3
3617,2,0,3,1,3
3618,2,0,3,1,3
3619,2,0,3,1,3
3620,2,0,3,1,3
3621,2,0,3,1,3
3622,2,0,3,1,3
3623,2,0,3,1,3
3624,2,0,3,1,3
3625,2,0,3,1,3
3626,2,0,3,1,3
3627,2,0,3,1,3
3628,2,0,3,1,3
3629,2,0,3,1,3
3630,2,0,3,1,3
3631,2,0,3,1,3
3632,2,0,3,1,3
3633,2,0,3,1,3
3634,2,0,3,1,3
3635,2,0,3,1,3
3636,2,0,3,1,3
3637,2,0,3,1,3
3638,2,0,3,1,3
3639,2,0,3,1,3
3640,2,0,3,1,3
3641,2,0,3,1,3
3642,2,0,3,1,3
3643,2,0,3,1,3
3644,2,0,3,1,3
3645,2,0,3,1,3
3646,2,0,3,1,3
3647,2,0,3,1,3
3648,2,0,3,1,3
3649,2,0,3,1,3
3650,2,0,3,1,3
3651,2,0,3,1,3
3652,2,0,3,1,3
3653,2,0,3,1,3
3654,2,0,3,1,3
3655,2,0,3,1,3
3656,2,0,3,1,3
3657,2,0,3,1,3
3658,2,0,3,1,3
3659,2,0,3,1,3
3660,2,0,3,1,3
3661,2,0,3,1,3
3662,2,0,3,1,3
3663,2,0,3,2,4
3664,2,0,3,2,4
3665,2,0,3,2,4
3666,2,0,3,2,4
3667,2,0,3,2,4
3668,2,0,3,2,4
3669,2,0,3,2,4
3670,2,0,3,2,4
3671,2,0,3,2,4
3672,2,0,3,2,4
3673,2,0,3,2,4
3674,2,0,3,2,4
3675,2,0,3,2,4
3676,2,0,3,2,4
3677,2,0,3,2,4
3678,2,0,3,2,4
3679,2,0,3,2,4
3680,2,0,3,2,4
3681,2,0,3,2,4
3682,2,0,3,2,4
3683,2,0,3,2,4
3684,2,0,3,2,4
3685,2,0,3,2,4
3686,2,0,3,2,4
3687,2,0,3,2,4
3688,2,0,3,2,4
3689,2,0,3,2,4
3690,2,0,3,2,4
3691,2,0,3,2,4
3692,2,0,3,2,4
3693,2,0,3,2,4
3694,2,0,3,2,4
3695,2,0,3,2,4
3696,2,0,3,2,4
3697,2,0,3,2,4
3698,2,0,3,2,4
3699,2,0,3,2,4
3700,2,0,3,2,4
3701,2,0,3,2,4
3702,2,0,3,2,4
3703,2,0,3,2,4
3704,2,0,3,2,4
3705,2,0,3,2,4
3706,2,0,3,2,4
3707,2,0,3,2,4
3708,2,0,3,2,4
3709,2,0,3,2,4
3710,2,0,3,2,4
3711,2,0,3,2,4
3712,2,0,3,2,4
3713,2,0,3,2,4
3714,2,0,3,2,4
3715,2,0,3,2,4
3716,2,0,3,2,4
3717,2,0,3,2,4
3718,2,0,3,2,4
3719,2,0,4,0,2
3720,2,0,4,0,2
3721,2,0,4,0,2
3722,2,0,4,0,2
3723,2,0,4,0,2
3724,2,0,4,0,2
3725,2,0,4,0,2
3726,2,0,4,0,2
3727,2,0,4,0,2
3728,2,0,4,0,2
3729,2,0,4,0,2
3730,2,0,4,0,2
3731,2,0,4,0,2
3732,2,0,4,0,2
3733,2,0,4,0,2
3734,2,0,4,0,2
3735,2,0,4,0,2
3736,2,0,4,0,2
3737,2,0,4,0,2
3738,2,0,4,0,2
3739,2,0,4,0,2
3740,2,0,4,0,2
3741,2,0,4,0,2
3742,2,0,4,0,2
3743,2,0,4,0,2
3744,2,0,4,0,2
3745,2,0,4,1,4
3746,2,0,4,1,4
3747,2,0,4,1,4
3748,2,0,4,1,4
3749,2,0,4,1,4
3750,2,0,4,1,4
3751,2,0,4,1,4
3752,2,0,4,1,4
3753,2,0,4,1,4
3754,2,0,4,1,4
3755,2,0,4,1,4
3756,2,0,4,1,4
3757,2,0,4,1,4
3758,2,0,4,1,4
3759,2,0,4,1,4
3760,2,0,4,1,4
3761,2,0,4,1,4
3762,2,0,4,1,4
3763,2,0,4,1,4
3764,2,0,4,1,4
3765,2,0,4,1,4
3766,2,0,4,1,4
3767,2,0,4,1,4
3768,2,0,4,1,4
3769,2,0,4,1,4
3770,2,0,4,1,4
3771,2,0,4,1,4
3772,2,0,4,1,4
3773,2,0,4,1,4
3774,2,0,4,1,4
3775,2,0,4,1,4
3776,2,0,4,1,4
3777,2,0,4,1,4
3778,2,0,4,1,4
3779,2,0,4,1,4
3780,2,0,4,1,4
3781,2,0,4,1,4
3782,2,0,4,1,4
3783,2,0,4,1,4
3784,2,0,4,1,4
3785,2,0,4,1,4
3786,2,0,4,1,4
3787,2,0,4,1,4
3788,2,0,4,1,4
3789,2,0,4,1,4
3790,2,0,4,1,4
3791,2,0,4,1,4
3792,2,0,4,1,4
3793,2,0,4,1,4
3794,2,0,4,1,4
3795,2,0,4,1,4
3796,2,0,4,1,4
3797,2,0,4,1,4
3798,2,0,4,1,4
3799,2,0,4,1,4
3800,2,0,4,1,4
3801,2,0,4,2,4
3802,2,0,4,2,4
3803,2,0,4,2,4
3804,2,0,4,2,4
3805,2,0,4,2,4
3806,2,0,4,2,4
3807,2,0,4,2,4
3808,2,0,4,2,4
3809,2,0,4,2,4
3810,2,0,4,2,4
3811,2,0,4,2,4
3812,2,0,4,2,4
3813,2,0,4,2,4
3814,2,0,4,2,4
3815,2,0,4,2,4
3816,2,0,4,2,4
3817,2,0,4,2,4
3818,2,0,4,2,4
3819,2,0,4,2,4
3820,2,0,4,2,4
3821,2,0,4,2,4
3822,2,0,4,2,4
3823,2,0,4,2,4
3824,2,0,4,2,4
3825,2,0,4,2,4
3826,2,0,4,2,4
3827,2,0,4,2,4
3828,2,0,4,2,4
3829,2,0,4,2,4
3830,2,0,4,2,4
3831,2,0,4,2,4
3832,2,0,4,2,4
3833,2,0,4,2,4
3834,2,0,4,2,4
3835,2,0,4,2,4
3836,2,0,4,2,4
3837,2,0,4,2,4
3838,2,0,4,2,4
3839,2,0,4,2,4
3840,2,0,4,2,4
3841,2,0,4,2,4
3842,2,0,4,2,4
3843,2,0,4,2,4
3844,2,0,4,2,4
3845,2,0,4,2,4
3846,2,0,4,2,4
3847,2,0,4,2,4
3848,2,0,4,2,4
3849,2,0,4,2,4
3850,2,0,4,2,4
3851,2,0,4,2,4
3852,2,0,4,2,4
3853,2,0,4,2,4
3854,2,0,4,2,4
3855,2,0,4,2,4
3856,2,0,4,2,4
3857,2,1,0,0,1
3858,2,1,0,0,1
3859,2,1,0,0,1
3860,2,1,0,0,1
3861,2,1,0,0,1
3862,2,1,0,0,1
3863,2,1,0,0,1
3864,2,1,0,0,1
3865,2,1,0,0,1
3866,2,1,0,0,1
3867,2,1,0,0,1
3868,2,1,0,0,1
3869,2,1,0,0,1
3870,2,1,0,0,1
3871,2,1,0,0,1
3872,2,1,0,0,1
3873,2,1,0,0,1
3874,2,1,0,0,1
3875,2,1,0,0,1
3876,2,1,0,0,1
3877,2,1,0,0,1
3878,2,1,0,0,1
3879,2,1,0,0,1
3880,2,1,0,0,1
3881,2,1,0,1,1
3882,2,1,0,1,1
3883,2,1,0,1,1
3884,2,1,0,1,1
3885,2,1,0,1,1
3886,2,1,0,1,1
3887,2,1,0,1,1
3888,2,1,0,1,1
3889,2,1,0,1,1
3890,2,1,0,1,1
3891,2,1,0,1,1
3892,2,1,0,1,1
3893,2,1,0,1,1
3894,2,1,0,1,1
3895,2,1,0,1,1
3896,2,1,0,1,1
3897,2,1,0,1,1
3898,2,1,0,1,1
3899,2,1,0,1,1
3900,2,1,0,1,1
3901,2,1,0,1,1
3902,2,1,0,1,1
3903,2,1,0,1,1
3904,2,1,0,1,1
3905,2,1,0,2,2
3906,2,1,0,2,2
3907,2,1,0,2,2
3908,2,1,0,2,2
3909,2,1,0,2,2
3910,2,1,0,2,2
3911,2,1,0,2,2
3912,2,1,0,2,2
3913,2,1,0,2,2
3914,2,1,0,2,2
3915,2,1,0,2,2
3916,2,1,0,2,2
3917,2,1,0,2,2
3918,2,1,0,2,2
3919,2,1,0,2,2
3920,2,1,0,2,2
3921,2,1,0,2,2
3922,2,1,0,2,2
3923,2,1,0,2,2
3924,2,1,0,2,2
3925,2,1,0,2,2
3926,2,1,0,2,2
3927,2,1,0,2,2
3928,2,1,0,2,2
3929,2,1,0,2,2
3930,2,1,0,2,2
3931,2,1,1,0,1
3932,2,1,1,0,1
3933,2,1,1,0,1
3934,2,1,1,0,1
3935,2,1,1,0,1
3936,2,1,1,0,1
3937,2,1,1,0,1
3938,2,1,1,0,1
3939,2,1,1,0,1
3940,2,1,1,0,1
3941,2,1,1,0,1
3942,2,1,1,0,1
3943,2,1,1,0,1
3944,2,1,1,0,1
3945,2,1,1,0,1
3946,2,1,1,0,1
3947,2,1,1,0,1
3948,2,1,1,0,1
3949,2,1,1,0,1
3950,2,1,1,0,1
3951,2,1,1,0,1
3952,2,1,1,0,1
3953,2,1,1,0,1
3954,2,1,1,0,1
3955,2,1,1,1,2
3956,2,1,1,1,2
3957,2,1,1,1,2
3958,2,1,1,1,2
3959,2,1,1,1,2
3960,2,1,1,1,2
3961,2,1,1,1,2
3962,2,1,1,1,2
3963,2,1,1,1,2
3964,2,1,1,1,2
3965,2,1,1,1,2
3966,2,1,1,1,2
3967,2,1,1,1,2
3968,2,1,1,1,2
3969,2,1,1,1,2
3970,2,1,1,1,2
3971,2,1,1,1,2
3972,2,1,1,1,2
3973,2,1,1,1,2
3974,2,1,1,1,2
3975,2,1,1,1,2
3976,2,1,1,1,2
3977,2,1,1,1,2
3978,2,1,1,1,2
3979,2,1,1,1,2
3980,2,1,1,1,2
3981,2,1,1,2,2
3982,2,1,1,2,2
3983,2,1,1,2,2
3984,2,1,1,2,2
3985,2,1,1,2,2
3986,2,1,1,2,2
3987,2,1,1,2,2
3988,2,1,1,2,2
3989,2,1,1,2,2
3990,2,1,1,2,2
3991,2,1,1,2,2
3992,2,1,1,2,2
3993,2,1,1,2,2
3994,2,1,1,2,2
3995,2,1,1,2,2
3996,2,1,1,2,2
3997,2,1,1,2,2
3998,2,1,1,2,2
3999,2,1,1,2,2
4000,2,1,1,2,2
4001,2,1,1,2,2
4002,2,1,1,2,2
4003,2,1,1,2,2
4004,2,1,1,2,2
4005,2,1,1,2,2
4006,2,1,1,2,2
4007,2,1,2,0,1
4008,2,1,2,0,1
4009,2,1,2,0,1
4010,2,1,2,0,1
4011,2,1,2,0,1
4012,2,1,2,0,1
4013,2,1,2,0,1
4014,2,1,2,0,1
4015,2,1,2,0,1
4016,2,1,2,0,1
4017,2,1,2,0,1
4018,2,1,2,0,1
4019,2,1,2,0,1
4020,2,1,2,0,1
4021,2,1,2,0,1
4022,2,1,2,0,1
4023,2,1,2,0,1
4024,2,1,2,0,1
4025,2,1,2,0,1
4026,2,1,2,0,1
4027,2,1,2,0,1
4028,2,1,2,0,1
4029,2,1,2,0,1
4030,2,1,2,0,1
4031,2,1,2,1,2
4032,2,1,2,1,2
4033,2,1,2,1,2
4034,2,1,2,1,2
4035,2,1,2,1,2
4036,2,1,2,1,2
4037,2,1,2,1,2
4038,2,1,2,1,2
4039,2,1,2,1,2
4040,2,1,2,1,2
4041,2,1,2,1,2
4042,2,1,2,1,2
4043,2,1,2,1,2
4044,2,1,2,1,2
4045,2,1,2,1,2
4046,2,1,2,1,2
4047,2,1,2,1,2
4048,2,1,2,1,2
4049,2,1,2,1,2
4050,2,1,2,1,2
4051,2,1,2,1,2
4052,2,1,2,1,2
4053,2,1,2,1,2
4054,2,1,2,1,2
4055,2,1,2,1,2
4056,2,1,2,1,2
4057,2,1,2,2,3
4058,2,1,2,2,3
4059,2,1,2,2,3
4060,2,1,2,2,3
4061,2,1,2,2,3
4062,2,1,2,2,3
4063,2,1,2,2,3
4064,2,1,2,2,3
4065,2,1,2,2,3
4066,2,1,2,2,3
4067,2,1,2,2,3
4068,2,1,2,2,3
4069,2,1,2,2,3
4070,2,1,2,2,3
4071,2,1,2,2,3
4072,2,1,2,2,3
4073,2,1,2,2,3
4074,2,1,2,2,3
4075,2,1,2,2,3
4076,2,1,2,2,3
4077,2,1,2,2,3
4078,2,1,2,2,3
4079,2,1,2,2,3
4080,2,1,2,2,3
4081,2,1,2,2,3
4082,2,1,2,2,3
4083,2,1,2,2,3
4084,2,1,2,2,3
4085,2,1,2,2,3
4086,2,1,2,2,3
4087,2,1,2,2,3
4088,2,1,2,2,3
4089,2,1,2,2,3
4090,2,1,2,2,3
4091,2,1,2,2,3
4092,2,1,2,2,3
4093,2,1,2,2,3
4094,2,1,2,2,3
4095,2,1,2,2,3
4096,2,1,2,2,3
4097,2,1,2,2,3
4098,2,1,2,2,3
4099,2,1,2,2,3
4100,2,1,2,2,3
4101,2,1,2,2,3
4102,2,1,2,2,3
4103,2,1,2,2,3
4104,2,1,2,2,3
4105,2,1,2,2,3
4106,2,1,2,2,3
4107,2,1,3,0,2
4108,2,1,3,0,2
4109,2,1,3,0,2
4110,2,1,3,0,2
4111,2,1,3,0,2
4112,2,1,3,0,2
4113,2,1,3,0,2
4114,2,1,3,0,2
4115,2,1,3,0,2
4116,2,1,3,0,2
4117,2,1,3,0,2
4118,2,1,3,0,2
4119,2,1,3,0,2
4120,2,1,3,0,2
4121,2,1,3,0,2
4122,2,1,3,0,2
4123,2,1,3,0,2
4124,2,1,3,0,2
4125,2,1,3,0,2
4126,2,1,3,0,2
4127,2,1,3,0,2
4128,2,1,3,0,2
4129,2,1,3,0,2
4130,2,1,3,0,2
4131,2,1,3,0,2
4132,2,1,3,0,2
4133,2,1,3,1,3
4134,2,1,3,1,3
4135,2,1,3,1,3
4136,2,1,3,1,3
4137,2,1,3,1,3
4138,2,1,3,1,3
4139,2,1,3,1,3
4140,2,1,3,1,3
4141,2,1,3,1,3
4142,2,1,3,1,3
4143,2,1,3,1,3
4144,2,1,3,1,3
4145,2,1,3,1,3
4146,2,1,3,1,3
4147,2,1,3,1,3
4148,2,1,3,1,3
4149,2,1,3,1,3
4150,2,1,3,1,3
4151,2,1,3,1,3
4152,2,1,3,1,3
4153,2,1,3,1,3
4154,2,1,3,1,3
4155,2,1,3,1,3
4156,2,1,3,1,3
4157,2,1,3,1,3
4158,2,1,3,1,3
4159,2,1,3,1,3
4160,2,1,3,1,3
4161,2,1,3,1,3
4162,2,1,3,1,3
4163,2,1,3,1,3
4164,2,1,3,1,3
4165,2,1,3,1,3
4166,2,1,3,1,3
4167,2,1,3,1,3
4168,2,1,3,1,3
4169,2,1,3,1,3
4170,2,1,3,1,3
4171,2,1,3,1,3
4172,2,1,3,1,3
4173,2,1,3,1,3
4174,2,1,3,1,3
4175,2,1,3,1,3
4176,2,1,3,1,3
4177,2,1,3,1,3
4178,2,1,3,1,3
4179,2,1,3,1,3
4180,2,1,3,1,3
4181,2,1,3,1,3
4182,2,1,3,1,3
4183,2,1,3,2,4
4184,2,1,3,2,4
4185,2,1,3,2,4
4186,2,1,3,2,4
4187,2,1,3,2,4
4188,2,1,3,2,4
4189,2,1,3,2,4
4190,2,1,3,2,4
4191,2,1,3,2,4
4192,2,1,3,2,4
4193,2,1,3,2,4
4194,2,1,3,2,4
4195,2,1,3,2,4
4196,2,1,3,2,4
4197,2,1,3,2,4
4198,2,1,3,2,4
4199,2,1,3,2,4
4200,2,1,3,2,4
4201,2,1,3,2,4
4202,2,1,3,2,4
4203,2,1,3,2,4
4204,2,1,3,2,4
4205,2,1,3,2,4
4206,2,1,3,2,4
4207,2,1,3,2,4
4208,2,1,3,2,4
4209,2,1,3,2,4
4210,2,1,3,2,4
4211,2,1,3,2,4
4212,2,1,3,2,4
4213,2,1,3,2,4
4214,2,1,3,2,4
4215,2,1,3,2,4
4216,2,1,3,2,4
4217,2,1,3,2,4
4218,2,1,3,2,4
4219,2,1,3,2,4
4220,2,1,3,2,4
4221,2,1,3,2,4
4222,2,1,3,2,4
4223,2,1,3,2,4
4224,2,1,3,2,4
4225,2,1,3,2,4
4226,2,1,3,2,4
4227,2,1,3,2,4
4228,2,1,3,2,4
4229,2,1,3,2,4
4230,2,1,3,2,4
4231,2,1,3,2,4
4232,2,1,3,2,4
4233,2,1,3,2,4
4234,2,1,3,2,4
4235,2,1,3,2,4
4236,2,1,3,2,4
4237,2,1,3,2,4
4238,2,1,3,2,4
4239,2,1,4,0,3
4240,2,1,4,0,3
4241,2,1,4,0,3
4242,2,1,4,0,3
4243,2,1,4,0,3
4244,2,1,4,0,3
4245,2,1,4,0,3
4246,2,1,4,0,3
4247,2,1,4,0,3
4248,2,1,4,0,3
4249,2,1,4,0,3
4250,2,1,4,0,3
4251,2,1,4,0,3
4252,2,1,4,0,3
4253,2,1,4,0,3
4254,2,1,4,0,3
4255,2,1,4,0,3
4256,2,1,4,0,3
4257,2,1,4,0,3
4258,2,1,4,0,3
4259,2,1,4,0,3
4260,2,1,4,0,3
4261,2,1,4,0,3
4262,2,1,4,0,3
4263,2,1,4,0,3
4264,2,1,4,0,3
4265,2,1,4,0,3
4266,2,1,4,0,3
4267,2,1,4,0,3
4268,2,1,4,0,3
4269,2,1,4,0,3
4270,2,1,4,0,3
4271,2,1,4,0,3
4272,2,1,4,0,3
4273,2,1,4,0,3
4274,2,1,4,0,3
4275,2,1,4,0,3
4276,2,1,4,0,3
4277,2,1,4,0,3
4278,2,1,4,0,3
4279,2,1,4,0,3
4280,2,1,4,0,3
4281,2,1,4,0,3
4282,2,1,4,0,3
4283,2,1,4,0,3
4284,2,1,4,0,3
4285,2,1,4,0,3
4286,2,1,4,0,3
4287,2,1,4,0,3
4288,2,1,4,0,3
4289,2,1,4,1,4
4290,2,1,4,1,4
4291,2,1,4,1,4
4292,2,1,4,1,4
4293,2,1,4,1,4
4294,2,1,4,1,4
4295,2,1,4,1,4
4296,2,1,4,1,4
4297,2,1,4,1,4
4298,2,1,4,1,4
4299,2,1,4,1,4
4300,2,1,4,1,4
4301,2,1,4,1,4
4302,2,1,4,1,4
4303,2,1,4,1,4
4304,2,1,4,1,4
4305,2,1,4,1,4
4306,2,1,4,1,4
4307,2,1,4,1,4
4308,2,1,4,1,4
4309,2,1,4,1,4
4310,2,1,4,1,4
4311,2,1,4,1,4
4312,2,1,4,1,4
4313,2,1,4,1,4
4314,2,1,4,1,4
4315,2,1,4,1,4
4316,2,1,4,1,4
4317,2,1,4,1,4
4318,2,1,4,1,4
4319,2,1,4,1,4
4320,2,1,4,1,4
4321,2,1,4,1,4
4322,2,1,4,1,4
4323,2,1,4,1,4
4324,2,1,4,1,4
4325,2,1,4,1,4
4326,2,1,4,1,4
4327,2,1,4,1,4
4328,2,1,4,1,4
4329,2,1,4,1,4
4330,2,1,4,1,4
4331,2,1,4,1,4
4332,2,1,4,1,4
4333,2,1,4,1,4
4334,2,1,4,1,4
4335,2,1,4,1,4
4336,2,1,4,1,4
4337,2,1,4,1,4
4338,2,1,4,1,4
4339,2,1,4,1,4
4340,2,1,4,1,4
4341,2,1,4,1,4
4342,2,1,4,1,4
4343,2,1,4,1,4
4344,2,1,4,1,4
4345,2,1,4,2,4
4346,2,1,4,2,4
4347,2,1,4,2,4
4348,2,1,4,2,4
4349,2,1,4,2,4
4350,2,1,4,2,4
4351,2,1,4,2,4
4352,2,1,4,2,4
4353,2,1,4,2,4
4354,2,1,4,2,4
4355,2,1,4,2,4
4356,2,1,4,2,4
4357,2,1,4,2,4
4358,2,1,4,2,4
4359,2,1,4,2,4
4360,2,1,4,2,4
4361,2,1,4,2,4
4362,2,1,4,2,4
4363,2,1,4,2,4
4364,2,1,4,2,4
4365,2,1,4,2,4
4366,2,1,4,2,4
4367,2,1,4,2,4
4368,2,1,4,2,4
4369,2,1,4,2,4
4370,2,1,4,2,4
4371,2,1,4,2,4
4372,2,1,4,2,4
4373,2,1,4,2,4
4374,2,1,4,2,4
4375,2,1,4,2,4
4376,2,1,4,2,4
4377,2,1,4,2,4
4378,2,1,4,2,4
4379,2,1,4,2,4
4380,2,1,4,2,4
4381,2,1,4,2,4
4382,2,1,4,2,4
4383,2,1,4,2,4
4384,2,1,4,2,4
4385,2,1,4,2,4
4386,2,1,4,2,4
4387,2,1,4,2,4
4388,2,1,4,2,4
4389,2,1,4,2,4
4390,2,1,4,2,4
4391,2,1,4,2,4
4392,2,1,4,2,4
4393,2,1,4,2,4
4394,2,1,4,2,4
4395,2,1,4,2,4
4396,2,1,4,2,4
4397,2,1,4,2,4
4398,2,1,4,2,4
4399,2,1,4,2,4
4400,2,1,4,2,4
4401,2,2,0,0,1
4402,2,2,0,0,1
4403,2,2,0,0,1
4404,2,2,0,0,1
4405,2,2,0,0,1
4406,2,2,0,0,1
4407,2,2,0,0,1
4408,2,2,0,0,1
4409,2,2,0,0,1
4410,2,2,0,0,1
4411,2,2,0,0,1
4412,2,2,0,0,1
4413,2,2,0,0,1
4414,2,2,0,0,1
4415,2,2,0,0,1
4416,2,2,0,0,1
4417,2,2,0,0,1
4418,2,2,0,0,1
4419,2,2,0,0,1
4420,2,2,0,0,1
4421,2,2,0,0,1
4422,2,2,0,0,1
4423,2,2,0,0,1
4424,2,2,0,0,1
4425,2,2,0,1,2
4426,2,2,0,1,2
4427,2,2,0,1,2
4428,2,2,0,1,2
4429,2,2,0,1,2
4430,2,2,0,1,2
4431,2,2,0,1,2
4432,2,2,0,1,2
4433,2,2,0,1,2
4434,2,2,0,1,2
4435,2,2,0,1,2
4436,2,2,0,1,2
4437,2,2,0,1,2
4438,2,2,0,1,2
4439,2,2,0,1,2
4440,2,2,0,1,2
4441,2,2,0,1,2
4442,2,2,0,1,2
4443,2,2,0,1,2
4444,2,2,0,1,2
4445,2,2,0,1,2
4446,2,2,0,1,2
4447,2,2,0,1,2
4448,2,2,0,1,2
4449,2,2,0,1,2
4450,2,2,0,1,2
4451,2,2,0,2,2
4452,2,2,0,2,2
4453,2,2,0,2,2
4454,2,2,0,2,2
4455,2,2,0,2,2
4456,2,2,0,2,2
4457,2,2,0,2,2
4458,2,2,0,2,2
4459,2,2,0,2,2
4460,2,2,0,2,2
4461,2,2,0,2,2
4462,2,2,0,2,2
4463,2,2,0,2,2
4464,2,2,0,2,2
4465,2,2,0,2,2
4466,2,2,0,2,2
4467,2,2,0,2,2
4468,2,2,0,2,2
4469,2,2,0,2,2
4470,2,2,0,2,2
4471,2,2,0,2,2
4472,2,2,0,2,2
4473,2,2,0,2,2
4474,2,2,0,2,2
4475,2,2,0,2,2
4476,2,2,0,2,2
4477,2,2,1,0,1
4478,2,2,1,0,1
4479,2,2,1,0,1
4480,2,2,1,0,1
4481,2,2,1,0,1
4482,2,2,1,0,1
4483,2,2,1,0,1
4484,2,2,1,0,1
4485,2,2,1,0,1
4486,2,2,1,0,1
4487,2,2,1,0,1
4488,2,2,1,0,1
4489,2,2,1,0,1
4490,2,2,1,0,1
4491,2,2,1,0,1
4492,2,2,1,0,1
4493,2,2,1,0,1
4494,2,2,1,0,1
4495,2,2,1,0,1
4496,2,2,1,0,1
4497,2,2,1,0,1
4498,2,2,1,0,1
4499,2,2,1,0,1
4500,2,2,1,0,1
4501,2,2,1,1,2
4502,2,2,1,1,2
4503,2,2,1,1,2
4504,2,2,1,1,2
4505,2,2,1,1,2
4506,2,2,1,1,2
4507,2,2,1,1,2
4508,2,2,1,1,2
4509,2,2,1,1,2
4510,2,2,1,1,2
4511,2,2,1,1,2
4512,2,2,1,1,2
4513,2,2,1,1,2
4514,2,2,1,1,2
4515,2,2,1,1,2
4516,2,2,1,1,2
4517,2,2,1,1,2
4518,2,2,1,1,2
4519,2,2,1,1,2
4520,2,2,1,1,2
4521,2,2,1,1,2
4522,2,2,1,1,2
4523,2,2,1,1,2
4524,2,2,1,1,2
4525,2,2,1,1,2
4526,2,2,1,1,2
4527,2,2,1,2,3
4528,2,2,1,2,3
4529,2,2,1,2,3
4530,2,2,1,2,3
4531,2,2,1,2,3
4532,2,2,1,2,3
4533,2,2,1,2,3
4534,2,2,1,2,3
4535,2,2,1,2,3
4536,2,2,1,2,3
4537,2,2,1,2,3
4538,2,2,1,2,3
4539,2,2,1,2,3
4540,2,2,1,2,3
4541,2,2,1,2,3
4542,2,2,1,2,3
4543,2,2,1,2,3
4544,2,2,1,2,3
4545,2,2,1,2,3
4546,2,2,1,2,3
4547,2,2,1,2,3
4548,2,2,1,2,3
4549,2,2,1,2,3
4550,2,2,1,2,3
4551,2,2,1,2,3
4552,2,2,1,2,3
4553,2,2,1,2,3
4554,2,2,1,2,3
4555,2,2,1,2,3
4556,2,2,1,2,3
4557,2,2,1,2,3
4558,2,2,1,2,3
4559,2,2,1,2,3
4560,2,2,1,2,3
4561,2,2,1,2,3
4562,2,2,1,2,3
4563,2,2,1,2,3
4564,2,2,1,2,3
4565,2,2,1,2,3
4566,2,2,1,2,3
4567,2,2,1,2,3
4568,2,2,1,2,3
4569,2,2,1,2,3
4570,2,2,1,2,3
4571,2,2,1,2,3
4572,2,2,1,2,3
4573,2,2,1,2,3
4574,2,2,1,2,3
4575,2,2,1,2,3
4576,2,2,1,2,3
4577,2,2,2,0,2
4578,2,2,2,0,2
4579,2,2,2,0,2
4580,2,2,2,0,2
4581,2,2,2,0,2
4582,2,2,2,0,2
4583,2,2,2,0,2
4584,2,2,2,0,2
4585,2,2,2,0,2
4586,2,2,2,0,2
4587,2,2,2,0,2
4588,2,2,2,0,2
4589,2,2,2,0,2
4590,2,2,2,0,2
4591,2,2,2,0,2
4592,2,2,2,0,2
4593,2,2,2,0,2
4594,2,2,2,0,2
4595,2,2,2,0,2
4596,2,2,2,0,2
4597,2,2,2,0,2
4598,2,2,2,0,2
4599,2,2,2,0,2
4600,2,2,2,0,2
4601,2,2,2,0,2
4602,2,2,2,0,2
4603,2,2,2,1,2
4604,2,2,2,1,2
4605,2,2,2,1,2
4606,2,2,2,1,2
4607,2,2,2,1,2
4608,2,2,2,1,2
4609,2,2,2,1,2
4610,2,2,2,1,2
4611,2,2,2,1,2
4612,2,2,2,1,2
4613,2,2,2,1,2
4614,2,2,2,1,2
4615,2,2,2,1,2
4616,2,2,2,1,2
4617,2,2,2,1,2
4618,2,2,2,1,2
4619,2,2,2,1,2
4620,2,2,2,1,2
4621,2,2,2,1,2
4622,2,2,2,1,2
4623,2,2,2,1,2
4624,2,2,2,1,2
4625,2,2,2,1,2
4626,2,2,2,1,2
4627,2,2,2,1,2
4628,2,2,2,1,2
4629,2,2,2,2,3
4630,2,2,2,2,3
4631,2,2,2,2,3
4632,2,2,2,2,3
4633,2,2,2,2,3
4634,2,2,2,2,3
4635,2,2,2,2,3
4636,2,2,2,2,3
4637,2,2,2,2,3
4638,2,2,2,2,3
4639,2,2,2,2,3
4640,2,2,2,2,3
4641,2,2,2,2,3
4642,2,2,2,2,3
4643,2,2,2,2,3
4644,2,2,2,2,3
4645,2,2,2,2,3
4646,2,2,2,2,3
4647,2,2,2,2,3
4648,2,2,2,2,3
4649,2,2,2,2,3
4650,2,2,2,2,3
4651,2,2,2,2,3
4652,2,2,2,2,3
4653,2,2,2,2,3
4654,2,2,2,2,3
4655,2,2,2,2,3
4656,2,2,2,2,3
4657,2,2,2,2,3
4658,2,2,2,2,3
4659,2,2,2,2,3
4660,2,2,2,2,3
4661,2,2,2,2,3
4662,2,2,2,2,3
4663,2,2,2,2,3
4664,2,2,2,2,3
4665,2,2,2,2,3
4666,2,2,2,2,3
4667,2,2,2,2,3
4668,2,2,2,2,3
4669,2,2,2,2,3
4670,2,2,2,2,3
4671,2,2,2,2,3
4672,2,2,2,2,3
4673,2,2,2,2,3
4674,2,2,2,2,3
4675,2,2,2,2,3
4676,2,2,2,2,3
4677,2,2,2,2,3
4678,2,2,2,2,3
4679,2,2,3,0,3
4680,2,2,3,0,3
4681,2,2,3,0,3
4682,2,2,3,0,3
4683,2,2,3,0,3
4684,2,2,3,0,3
4685,2,2,3,0,3
4686,2,2,3,0,3
4687,2,2,3,0,3
4688,2,2,3,0,3
4689,2,2,3,0,3
4690,2,2,3,0,3
4691,2,2,3,0,3
4692,2,2,3,0,3
4693,2,2,3,0,3
4694,2,2,3,0,3
4695,2,2,3,0,3
4696,2,2,3,0,3
4697,2,2,3,0,3
4698,2,2,3,0,3
4699,2,2,3,0,3
4700,2,2,3,0,3
4701,2,2,3,0,3
4702,2,2,3,0,3
4703,2,2,3,0,3
4704,2,2,3,0,3
4705,2,2,3,0,3
4706,2,2,3,0,3
4707,2,2,3,0,3
4708,2,2,3,0,3
4709,2,2,3,0,3
4710,2,2,3,0,3
4711,2,2,3,0,3
4712,2,2,3,0,3
4713,2,2,3,0,3
4714,2,2,3,0,3
4715,2,2,3,0,3
4716,2,2,3,0,3
4717,2,2,3,0,3
4718,2,2,3,0,3
4719,2,2,3,0,3
4720,2,2,3,0,3
4721,2,2,3,0,3
4722,2,2,3,0,3
4723,2,2,3,0,3
4724,2,2,3,0,3
4725,2,2,3,0,3
4726,2,2,3,0,3
4727,2,2,3,0,3
4728,2,2,3,0,3
4729,2,2,3,1,4
4730,2,2,3,1,4
4731,2,2,3,1,4
4732,2,2,3,1,4
4733,2,2,3,1,4
4734,2,2,3,1,4
4735,2,2,3,1,4
4736,2,2,3,1,4
4737,2,2,3,1,4
4738,2,2,3,1,4
4739,2,2,3,1,4
4740,2,2,3,1,4
4741,2,2,3,1,4
4742,2,2,3,1,4
4743,2,2,3,1,4
4744,2,2,3,1,4
4745,2,2,3,1,4
4746,2,2,3,1,4
4747,2,2,3,1,4
4748,2,2,3,1,4
4749,2,2,3,1,4
4750,2,2,3,1,4
4751,2,2,3,1,4
4752,2,2,3,1,4
4753,2,2,3,1,4
4754,2,2,3,1,4
4755,2,2,3,1,4
4756,2,2,3,1,4
4757,2,2,3,1,4
4758,2,2,3,1,4
4759,2,2,3,1,4
4760,2,2,3,1,4
4761,2,2,3,1,4
4762,2,2,3,1,4
4763,2,2,3,1,4
4764,2,2,3,1,4
4765,2,2,3,1,4
4766,2,2,3,1,4
4767,2,2,3,1,4
4768,2,2,3,1,4
4769,2,2,3,1,4
4770,2,2,3,1,4
4771,2,2,3,1,4
4772,2,2,3,1,4
4773,2,2,3,1,4
4774,2,2,3,1,4
4775,2,2,3,1,4
4776,2,2,3,1,4
4777,2,2,3,1,4
4778,2,2,3,1,4
4779,2,2,3,1,4
4780,2,2,3,1,4
4781,2,2,3,1,4
4782,2,2,3,1,4
4783,2,2,3,1,4
4784,2,2,3,1,4
4785,2,2,3,2,4
4786,2,2,3,2,4
4787,2,2,3,2,4
4788,2,2,3,2,4
4789,2,2,3,2,4
4790,2,2,3,2,4
4791,2,2,3,2,4
4792,2,2,3,2,4
4793,2,2,3,2,4
4794,2,2,3,2,4
4795,2,2,3,2,4
4796,2,2,3,2,4
4797,2,2,3,2,4
4798,2,2,3,2,4
4799,2,2,3,2,4
4800,2,2,3,2,4
4801,2,2,3,2,4
4802,2,2,3,2,4
4803,2,2,3,2,4
4804,2,2,3,2,4
4805,2,2,3,2,4
4806,2,2,3,2,4
4807,2,2,3,2,4
4808,2,2,3,2,4
4809,2,2,3,2,4
4810,2,2,3,2,4
4811,2,2,3,2,4
4812,2,2,3,2,4
4813,2,2,3,2,4
4814,2,2,3,2,4
4815,2,2,3,2,4
4816,2,2,3,2,4
4817,2,2,3,2,4
4818,2,2,3,2,4
4819,2,2,3,2,4
4820,2,2,3,2,4
4821,2,2,3,2,4
4822,2,2,3,2,4
4823,2,2,3,2,4
4824,2,2,3,2,4
4825,2,2,3,2,4
4826,2,2,3,2,4
4827,2,2,3,2,4
4828,2,2,3,2,4
4829,2,2,3,2,4
4830,2,2,3,2,4
4831,2,2,3,2,4
4832,2,2,3,2,4
4833,2,2,3,2,4
4834,2,2,3,2,4
4835,2,2,3,2,4
4836,2,2,3,2,4
4837,2,2,3,2,4
4838,2,2,3,2,4
4839,2,2,3,2,4
4840,2,2,3,2,4
4841,2,2,4,0,4
4842,2,2,4,0,4
4843,2,2,4,0,4
4844,2,2,4,0,4
4845,2,2,4,0,4
4846,2,2,4,0,4
4847,2,2,4,0,4
4848,2,2,4,0,4
4849,2,2,4,0,4
4850,2,2,4,0,4
4851,2,2,4,0,4
4852,2,2,4,0,4
4853,2,2,4,0,4
4854,2,2,4,0,4
4855,2,2,4,0,4
4856,2,2,4,0,4
4857,2,2,4,0,4
4858,2,2,4,0,4
4859,2,2,4,0,4
4860,2,2,4,0,4
4861,2,2,4,0,4
4862,2,2,4,0,4
4863,2,2,4,0,4
4864,2,2,4,0,4
4865,2,2,4,0,4
4866,2,2,4,0,4
4867,2,2,4,0,4
4868,2,2,4,0,4
4869,2,2,4,0,4
4870,2,2,4,0,4
4871,2,2,4,0,4
4872,2,2,4,0,4
4873,2,2,4,0,4
4874,2,2,4,0,4
4875,2,2,4,0,4
4876,2,2,4,0,4
4877,2,2,4,0,4
4878,2,2,4,0,4
4879,2,2,4,0,4
4880,2,2,4,0,4
4881,2,2,4,0,4
4882,2,2,4,0,4
4883,2,2,4,0,4
4884,2,2,4,0,4
4885,2,2,4,0,4
4886,2,2,4,0,4
4887,2,2,4,0,4
4888,2,2,4,0,4
4889,2,2,4,0,4
4890,2,2,4,0,4
4891,2,2,4,0,4
4892,2,2,4,0,4
4893,2,2,4,0,4
4894,2,2,4,0,4
4895,2,2,4,0,4
4896,2,2,4,0,4
4897,2,2,4,1,4
4898,2,2,4,1,4
4899,2,2,4,1,4
4900,2,2,4,1,4
4901,2,2,4,1,4
4902,2,2,4,1,4
4903,2,2,4,1,4
4904,2,2,4,1,4
4905,2,2,4,1,4
4906,2,2,4,1,4
4907,2,2,4,1,4
4908,2,2,4,1,4
4909,2,2,4,1,4
4910,2,2,4,1,4
4911,2,2,4,1,4
4912,2,2,4,1,4
4913,2,2,4,1,4
4914,2,2,4,1,4
4915,2,2,4,1,4
4916,2,2,4,1,4
4917,2,2,4,1,4
4918,2,2,4,1,4
4919,2,2,4,1,4
4920,2,2,4,1,4
4921,2,2,4,1,4
4922,2,2,4,1,4
4923,2,2,4,1,4
4924,2,2,4,1,4
4925,2,2,4,1,4
4926,2,2,4,1,4
4927,2,2,4,1,4
4928,2,2,4,1,4
4929,2,2,4,1,4
4930,2,2,4,1,4
4931,2,2,4,1,4
4932,2,2,4,1,4
4933,2,2,4,1,4
4934,2,2,4,1,4
4935,2,2,4,1,4
4936,2,2,4,1,4
4937,2,2,4,1,4
4938,2,2,4,1,4
4939,2,2,4,1,4
4940,2,2,4,1,4
4941,2,2,4,1,4
4942,2,2,4,1,4
4943,2,2,4,1,4
4944,2,2,4,1,4
4945,2,2,4,1,4
4946,2,2,4,1,4
4947,2,2,4,1,4
4948,2,2,4,1,4
4949,2,2,4,1,4
4950,2,2,4,1,4
4951,2,2,4,1,4
4952,2,2,4,1,4
4953,2,2,4,2,4
4954,2,2,4,2,4
4955,2,2,4,2,4
4956,2,2,4,2,4
4957,2,2,4,2,4
4958,2,2,4,2,4
4959,2,2,4,2,4
4960,2,2,4,2,4
4961,2,2,4,2,4
4962,2,2,4,2,4
4963,2,2,4,2,4
4964,2,2,4,2,4
4965,2,2,4,2,4
4966,2,2,4,2,4
4967,2,2,4,2,4
4968,2,2,4,2,4
4969,2,2,4,2,4
4970,2,2,4,2,4
4971,2,2,4,2,4
4972,2,2,4,2,4
4973,2,2,4,2,4
4974,2,2,4,2,4
4975,2,2,4,2,4
4976,2,2,4,2,4
4977,2,2,4,2,4
4978,2,2,4,2,4
4979,2,2,4,2,4
4980,2,2,4,2,4
4981,2,2,4,2,4
4982,2,2,4,2,4
4983,2,2,4,2,4
4984,2,2,4,2,4
4985,2,2,4,2,4
4986,2,2,4,2,4
4987,2,2,4,2,4
4988,2,2,4,2,4
4989,2,2,4,2,4
4990,2,2,4,2,4
4991,2,2,4,2,4
4992,2,2,4,2,4
4993,2,2,4,2,4
4994,2,2,4,2,4
4995,2,2,4,2,4
4996,2,2,4,2,4
4997,2,2,4,2,4
4998,2,2,4,2,4
4999,2,2,4,2,4
5000,2,2,4,2,4
5001,2,2,4,2,4
5002,2,2,4,2,4
5003,2,2,4,2,4
5004,2,2,4,2,4
5005,2,2,4,2,4
5006,2,2,4,2,4
5007,2,2,4,2,4
5008,2,2,4,2,4
